{"type": "FeatureCollection", "generator": "overpass-turbo", "copyright": "The data included in this document is from www.openstreetmap.org. The data is made available under ODbL.", "timestamp": "2026-09-07T17:02:06Z", "features": [{"type": "Feature", "properties": {"@id": "relation/13051598", "imagery_used": "MaxarPremium, retreived 08/2021 (aligned to existing data)", "industrial": "mine", "landuse": "industrial", "source": "MaxarPremium", "type": "multipolygon", "coal_industrial_zone": "Korba_Industrial_CG", "centroid_lon": 82.7324423496488, "centroid_lat": 22.32218903741208, "area_sqkm": 8.001698770500381}, "geometry": {"type": "MultiPolygon", "coordinates": [[[[82.7434807, 22.3310797], [82.7429938, 22.3310871], [82.7425593, 22.3310871], [82.7422321, 22.3312757], [82.7422428, 22.3321391], [82.741878, 22.3326006], [82.7414918, 22.3328784], [82.7409714, 22.3329529], [82.7405101, 22.3330273], [82.7402526, 22.3336624], [82.7400112, 22.3341537], [82.7394801, 22.3344117], [82.7389705, 22.3343819], [82.7384072, 22.3341934], [82.7378601, 22.3338361], [82.73727, 22.3334987], [82.7369964, 22.3331017], [82.7367121, 22.3326403], [82.7359289, 22.3325708], [82.735371, 22.3323723], [82.7347487, 22.3321143], [82.7343839, 22.3320795], [82.7339226, 22.3322086], [82.7335149, 22.3326899], [82.7331474, 22.3328685], [82.7327853, 22.3329603], [82.7321818, 22.3328983], [82.7316239, 22.3325609], [82.7313745, 22.3323425], [82.731227, 22.3320051], [82.7311358, 22.3318215], [82.7308139, 22.3317744], [82.7300549, 22.3316627], [82.7295747, 22.331695], [82.7292851, 22.3318364], [82.7289337, 22.3321192], [82.7285689, 22.332804], [82.7284375, 22.3328214], [82.7279788, 22.3326651], [82.7273163, 22.3325112], [82.727083, 22.3324467], [82.7268013, 22.3319704], [82.7266699, 22.331365], [82.7269167, 22.3306629], [82.7270508, 22.3300922], [82.7269435, 22.3297821], [82.7263266, 22.3297722], [82.7263454, 22.3292859], [82.726222, 22.3291494], [82.7240172, 22.3287797], [82.7231804, 22.328673], [82.7227566, 22.3286706], [82.7219251, 22.3288566], [82.7215791, 22.3290775], [82.7213819, 22.3290762], [82.7211258, 22.328941], [82.721504, 22.3284398], [82.722204, 22.3273357], [82.7225286, 22.3264078], [82.7228478, 22.3251672], [82.7228665, 22.3240631], [82.7228692, 22.3234006], [82.7228451, 22.3219938], [82.7228209, 22.3197731], [82.7228183, 22.3176987], [82.7227941, 22.3171156], [82.7228451, 22.3169196], [82.7232625, 22.3168988], [82.7262005, 22.3164732], [82.7273083, 22.3144829], [82.7279681, 22.3129445], [82.7284523, 22.3126094], [82.7298653, 22.3118163], [82.7298725, 22.310339], [82.7324957, 22.3091777], [82.7337831, 22.309679], [82.7379137, 22.310473], [82.7393407, 22.3109941], [82.741878, 22.3107559], [82.7445388, 22.3100909], [82.7452361, 22.3103092], [82.7458048, 22.3112423], [82.7459335, 22.3132671], [82.745499, 22.3140809], [82.7444369, 22.3150139], [82.7440077, 22.3165474], [82.7425754, 22.3184679], [82.7418619, 22.3192818], [82.742629, 22.3193314], [82.7428007, 22.3197532], [82.7431816, 22.3199939], [82.7480686, 22.3193116], [82.7512336, 22.3184282], [82.752285, 22.320046], [82.7526498, 22.321505], [82.7524459, 22.3232021], [82.7519631, 22.324135], [82.7509224, 22.3253955], [82.7514803, 22.3265666], [82.751019, 22.3275987], [82.7499568, 22.3284026], [82.7487552, 22.3290278], [82.7477682, 22.3288095], [82.7469501, 22.3286507], [82.7474838, 22.3298714], [82.7473068, 22.3304073], [82.7467436, 22.330705], [82.7462178, 22.330839], [82.745719, 22.3308837], [82.7455044, 22.3308837], [82.7451611, 22.3307249], [82.7450323, 22.3308043], [82.7448767, 22.3306207], [82.7447748, 22.3306852], [82.7446461, 22.3308043], [82.7444637, 22.3305959], [82.7441311, 22.3302634], [82.7439058, 22.3305959], [82.743659, 22.3310028], [82.7435732, 22.3310028], [82.7434807, 22.3310797]]], [[[82.718583, 22.3158501], [82.7188861, 22.3157484], [82.7190658, 22.3161777], [82.7194306, 22.3161082], [82.7208173, 22.3156591], [82.7214584, 22.3155499], [82.7220002, 22.3156243], [82.7222952, 22.3163514], [82.7224642, 22.3164804], [82.7225956, 22.3165598], [82.722652, 22.3178997], [82.7226788, 22.3203983], [82.7226841, 22.3230681], [82.7226761, 22.3238844], [82.7226305, 22.3249786], [82.7224642, 22.3258743], [82.7221101, 22.326775], [82.721732, 22.3276359], [82.720938, 22.3288368], [82.7198437, 22.329668], [82.7191409, 22.3303627], [82.7177516, 22.331829], [82.7171051, 22.3319208], [82.7165848, 22.3317396], [82.7162066, 22.3313452], [82.7160832, 22.3306877], [82.7162629, 22.3298813], [82.7162361, 22.329529], [82.7159786, 22.3294198], [82.7153027, 22.328745], [82.7147716, 22.3276632], [82.7140072, 22.3268072], [82.713618, 22.3265261], [82.7131891, 22.3266286], [82.7127922, 22.3262961], [82.712414, 22.3259661], [82.71184, 22.325254], [82.7116951, 22.3248695], [82.711553, 22.3240953], [82.7114296, 22.3229341], [82.7114752, 22.3224702], [82.7118373, 22.3207879], [82.7122638, 22.3188575], [82.7124622, 22.318061], [82.7129129, 22.3174034], [82.7135995, 22.3165176], [82.7143103, 22.3159593], [82.7151015, 22.3156764], [82.7162468, 22.315669], [82.7185696, 22.3156392], [82.7185911, 22.3158179], [82.718583, 22.3158501]]]]}, "id": "relation/13051598"}, {"type": "Feature", "properties": {"@id": "relation/13105415", "landuse": "industrial", "type": "multipolygon", "coal_industrial_zone": "Raniganj_Coalfield_WB", "centroid_lon": 87.14965399028777, "centroid_lat": 23.60875959012668, "area_sqkm": 0.831199857615324}, "geometry": {"type": "Polygon", "coordinates": [[[87.1488199, 23.6069162], [87.1490908, 23.6075749], [87.1497559, 23.6075356], [87.1501872, 23.6075872], [87.1500234, 23.6073498], [87.1499491, 23.6071374], [87.1491417, 23.606786], [87.1496165, 23.606292], [87.1491712, 23.6050582], [87.1499866, 23.6046846], [87.1504211, 23.6047534], [87.1514404, 23.6035638], [87.1518266, 23.6039325], [87.152469, 23.6042016], [87.153562, 23.604515], [87.1538034, 23.6046023], [87.1537878, 23.6050089], [87.1545166, 23.6049296], [87.1547856, 23.6052197], [87.1550257, 23.6053703], [87.1562527, 23.6048784], [87.1572715, 23.6071972], [87.1571729, 23.6076088], [87.1558255, 23.608201], [87.1554639, 23.6088134], [87.1531744, 23.6097168], [87.1519813, 23.6102322], [87.1506384, 23.6110428], [87.1488118, 23.6123035], [87.14862, 23.6124858], [87.1477903, 23.6132744], [87.1476638, 23.6133947], [87.1464895, 23.61502], [87.145748, 23.6145198], [87.1456091, 23.6144261], [87.1442298, 23.6133324], [87.1439979, 23.6131485], [87.1430373, 23.6117573], [87.1453612, 23.6096279], [87.1460274, 23.6101106], [87.1467865, 23.6092731], [87.146833, 23.60862], [87.1457175, 23.6072998], [87.145795, 23.6048581], [87.1472358, 23.6041908], [87.1486766, 23.606519], [87.1488199, 23.6069162]], [[87.1509415, 23.6081255], [87.1520036, 23.6086072], [87.1532106, 23.6088873], [87.1524435, 23.6066385], [87.1521646, 23.6062158], [87.152009, 23.6057906], [87.1515369, 23.6055055], [87.1511668, 23.6055153], [87.1506947, 23.6057808], [87.1504372, 23.6061494], [87.1502012, 23.6071473], [87.1501261, 23.6071424], [87.1501502, 23.6072898], [87.1502924, 23.6075159], [87.1509415, 23.6081255]]]}, "id": "relation/13105415"}, {"type": "Feature", "properties": {"@id": "relation/13134317", "landuse": "industrial", "name": "Rourkela Steel Plant", "type": "multipolygon", "coal_industrial_zone": "Rourkela_OD", "centroid_lon": 84.87207298950949, "centroid_lat": 22.21479630920542, "area_sqkm": 14.268518062347837}, "geometry": {"type": "Polygon", "coordinates": [[[84.9001681, 22.2178912], [84.9011247, 22.2179661], [84.9020699, 22.2180254], [84.9026123, 22.2180645], [84.902609, 22.218178], [84.9034384, 22.2182307], [84.9032869, 22.2195757], [84.9032188, 22.2201166], [84.9058612, 22.2219197], [84.9070656, 22.2227281], [84.9074454, 22.223248], [84.90802, 22.2243418], [84.9077408, 22.2245402], [84.9090847, 22.2262831], [84.9087212, 22.2264364], [84.9085004, 22.2264063], [84.9078901, 22.2258684], [84.9068124, 22.2251923], [84.9066565, 22.2251893], [84.9066306, 22.2258143], [84.9065007, 22.2258804], [84.9031405, 22.2251816], [84.9023228, 22.2250751], [84.9019235, 22.2250751], [84.9016086, 22.2251322], [84.9011379, 22.2252794], [84.9008847, 22.2254357], [84.9005601, 22.2256701], [84.9002422, 22.2260203], [84.9000195, 22.2264538], [84.89965, 22.2275439], [84.8994916, 22.2279093], [84.8991978, 22.2283386], [84.8987616, 22.228704], [84.8984494, 22.2288464], [84.8978067, 22.2290376], [84.897343, 22.2290759], [84.8962435, 22.2288783], [84.8937507, 22.2283874], [84.8925295, 22.2281558], [84.8912371, 22.227801], [84.8906704, 22.2276943], [84.8905786, 22.2276263], [84.8895003, 22.227368], [84.8889427, 22.2272606], [84.8881698, 22.2272547], [84.8875867, 22.2272961], [84.8873124, 22.2273195], [84.8867328, 22.2274502], [84.8857389, 22.227941], [84.8852808, 22.2280831], [84.8847841, 22.2281297], [84.8843784, 22.2281087], [84.8838898, 22.2279719], [84.8833412, 22.2279734], [84.8831951, 22.2279584], [84.8825588, 22.2278097], [84.8817862, 22.22773], [84.8797898, 22.2273529], [84.8789522, 22.2272868], [84.8779102, 22.2272387], [84.8771457, 22.2272297], [84.8762741, 22.2273184], [84.8752872, 22.2273995], [84.8751794, 22.2274028], [84.8741186, 22.2274355], [84.8738459, 22.2274716], [84.8731398, 22.2274235], [84.8720198, 22.2274596], [84.87189, 22.2275452], [84.8715053, 22.2273754], [84.871145, 22.2271501], [84.8709518, 22.2269577], [84.8707879, 22.2267279], [84.8706743, 22.2264123], [84.8705249, 22.2254733], [84.8704909, 22.2252725], [84.8703334, 22.2243433], [84.8702766, 22.2239947], [84.86984, 22.2235019], [84.8695202, 22.2230587], [84.8691209, 22.2228723], [84.8690365, 22.2227822], [84.8684666, 22.2226051], [84.8683159, 22.2225583], [84.8680172, 22.22265], [84.8677429, 22.2226214], [84.8674166, 22.2225147], [84.867355, 22.2224456], [84.8670682, 22.2206331], [84.8672473, 22.2206119], [84.8672174, 22.2203037], [84.866895, 22.2203593], [84.8666872, 22.2203951], [84.8665976, 22.2213917], [84.8669488, 22.2213343], [84.8671508, 22.2225371], [84.8670177, 22.2226624], [84.8654683, 22.2225009], [84.8637765, 22.2223373], [84.8636732, 22.2221418], [84.8636319, 22.222025], [84.863708, 22.2215049], [84.8638798, 22.221447], [84.8638947, 22.2213187], [84.8640497, 22.2199829], [84.8638052, 22.2199634], [84.8635699, 22.2199446], [84.8634184, 22.221328], [84.8635493, 22.2214958], [84.8634735, 22.2221248], [84.8632853, 22.2222396], [84.8604091, 22.2219378], [84.8602507, 22.2217381], [84.8603311, 22.2208838], [84.8603609, 22.220359], [84.8603999, 22.2201337], [84.8606616, 22.220104], [84.8607328, 22.2195855], [84.8604063, 22.2195662], [84.8601566, 22.2195515], [84.8601107, 22.2200679], [84.8600395, 22.220053], [84.8600074, 22.2203122], [84.8601681, 22.2203909], [84.8600051, 22.2217487], [84.8598398, 22.2218677], [84.8580287, 22.2216935], [84.8554624, 22.2214321], [84.8548036, 22.2213535], [84.8545741, 22.2212451], [84.8547034, 22.2198868], [84.8548343, 22.2190453], [84.8547405, 22.2190367], [84.8539322, 22.2189624], [84.8529864, 22.2188137], [84.8520958, 22.2187712], [84.8518043, 22.2187181], [84.84936, 22.2185788], [84.8477804, 22.2183313], [84.8451646, 22.2152871], [84.8445965, 22.2147101], [84.8428565, 22.2159874], [84.8426, 22.2160595], [84.8411652, 22.2147732], [84.8397985, 22.2134058], [84.8397433, 22.2134539], [84.8391005, 22.2129069], [84.8373443, 22.2120324], [84.8370651, 22.2117979], [84.836945, 22.2115154], [84.8368996, 22.2113562], [84.8370457, 22.2107942], [84.8376105, 22.2086753], [84.837867, 22.2067669], [84.8371904, 22.2066118], [84.8372019, 22.2065161], [84.8368553, 22.2065267], [84.8361551, 22.2063461], [84.8369027, 22.2048877], [84.8365846, 22.2040341], [84.8378928, 22.2035532], [84.8383246, 22.2032978], [84.8387401, 22.2031685], [84.8396815, 22.2025915], [84.8400792, 22.2028086], [84.8404488, 22.2027406], [84.840878, 22.2025557], [84.8410915, 22.2025429], [84.8413853, 22.2026003], [84.8417916, 22.2027427], [84.8420372, 22.2029467], [84.8424229, 22.2035546], [84.8427419, 22.2044705], [84.8432745, 22.2049041], [84.8438713, 22.2051357], [84.8456824, 22.2049126], [84.8468164, 22.2043961], [84.8471745, 22.2047298], [84.8485963, 22.2044766], [84.8486665, 22.204547], [84.8502664, 22.2043281], [84.850684, 22.2042975], [84.8533914, 22.2045831], [84.8534029, 22.204632], [84.853503, 22.2046396], [84.8536255, 22.204649], [84.8536554, 22.2046022], [84.8561987, 22.2048636], [84.8571973, 22.2049571], [84.8580213, 22.2043174], [84.8601469, 22.2045278], [84.8623207, 22.2047467], [84.8633697, 22.2059942], [84.8644555, 22.2072566], [84.8646168, 22.2073203], [84.8652596, 22.206772], [84.8651012, 22.2063788], [84.8651884, 22.2056031], [84.8653422, 22.2043301], [84.865131, 22.2042324], [84.8631799, 22.2040411], [84.8620689, 22.2039242], [84.8619931, 22.2037967], [84.8628241, 22.2026746], [84.8635384, 22.2022066], [84.86377, 22.2025811], [84.8652274, 22.2030146], [84.8653713, 22.2030354], [84.8654776, 22.2030507], [84.8656773, 22.2013102], [84.8657209, 22.2008022], [84.8660033, 22.1999542], [84.8660836, 22.1999649], [84.8661681, 22.1998534], [84.8671097, 22.1999394], [84.86954, 22.2002292], [84.8702438, 22.2002905], [84.870168, 22.201012], [84.8716164, 22.2015186], [84.8732508, 22.2016483], [84.8732266, 22.2018839], [84.876455, 22.2026102], [84.8768418, 22.2026722], [84.8768397, 22.2024364], [84.8773392, 22.2025361], [84.877391, 22.2024098], [84.8774244, 22.2023249], [84.8774464, 22.2022688], [84.8774561, 22.2022368], [84.8775038, 22.202096], [84.8778498, 22.2022189], [84.8781328, 22.2022859], [84.8786223, 22.202358], [84.8790595, 22.2025827], [84.879384, 22.2026833], [84.8800707, 22.2027031], [84.881912, 22.2030334], [84.8819844, 22.2030818], [84.8831968, 22.2041099], [84.8836018, 22.2044949], [84.883697, 22.2046116], [84.8841356, 22.2049716], [84.8855397, 22.2062406], [84.8869814, 22.2075195], [84.8873958, 22.2078944], [84.8881401, 22.2085388], [84.8892291, 22.2095619], [84.8900861, 22.2103628], [84.8902698, 22.210513], [84.8907901, 22.2109798], [84.8913829, 22.2115125], [84.8920347, 22.2121457], [84.8925698, 22.2126721], [84.8927455, 22.212831], [84.8931143, 22.2130682], [84.893585, 22.2133798], [84.8937526, 22.2135052], [84.8938747, 22.2136232], [84.8940785, 22.2137871], [84.8943441, 22.2139571], [84.8945466, 22.214049], [84.8947571, 22.2141223], [84.8954183, 22.2143321], [84.8958434, 22.214455], [84.8963034, 22.2146735], [84.8964858, 22.2147902], [84.8965998, 22.2148324], [84.896986, 22.2149641], [84.8973656, 22.2150944], [84.8975681, 22.2151689], [84.8977478, 22.2151975], [84.8979154, 22.2152446], [84.8982158, 22.2153502], [84.899282, 22.2157413], [84.900202, 22.2160777], [84.9005386, 22.2162118], [84.9005064, 22.2164043], [84.9004219, 22.2167208], [84.9002449, 22.2175539], [84.900194, 22.2175477], [84.9001681, 22.2178912]]]}, "id": "relation/13134317"}, {"type": "Feature", "properties": {"@id": "relation/16214720", "landuse": "industrial", "name": "Balco-III Power Station", "plant:method": "combustion", "plant:output:electricity": "yes", "plant:source": "coal", "power": "plant", "source": "https://www.gem.wiki/BALCO_Korba_power_station", "type": "multipolygon", "@relations": [{"role": "outer", "rel": 16214721, "reltags": {"landuse": "industrial", "name": "BALCO Korba Power Stations", "plant:method": "combustion", "plant:output:electricity": "yes", "plant:source": "coal", "power": "plant", "source": "https://www.gem.wiki/BALCO_Korba_power_station", "type": "multipolygon"}}], "coal_industrial_zone": "Korba_Industrial_CG", "centroid_lon": 82.74233459594211, "centroid_lat": 22.399241335982175, "area_sqkm": 0.3285605323699083}, "geometry": {"type": "MultiPolygon", "coordinates": [[[[82.7420558, 22.4021617], [82.7430402, 22.4000648], [82.747683, 22.4006898], [82.7472401, 22.402985], [82.7420558, 22.4021617]]], [[[82.7417806, 22.3978913], [82.7416932, 22.3981633], [82.7411098, 22.4001745], [82.7407826, 22.4003617], [82.7382251, 22.399738], [82.7381513, 22.39965], [82.7396346, 22.3949134], [82.7401389, 22.3949606], [82.7403212, 22.3949035], [82.7409543, 22.3950796], [82.7410803, 22.3950746], [82.7426145, 22.3953598], [82.7417806, 22.3978913]]]]}, "id": "relation/16214720"}, {"type": "Feature", "properties": {"@id": "relation/16214721", "landuse": "industrial", "name": "BALCO Korba Power Stations", "plant:method": "combustion", "plant:output:electricity": "yes", "plant:source": "coal", "power": "plant", "source": "https://www.gem.wiki/BALCO_Korba_power_station", "type": "multipolygon", "coal_industrial_zone": "Korba_Industrial_CG", "centroid_lon": 82.74307814004793, "centroid_lat": 22.395852591800885, "area_sqkm": 0.7525276951851922}, "geometry": {"type": "MultiPolygon", "coordinates": [[[[82.7417806, 22.3978913], [82.7416932, 22.3981633], [82.7411098, 22.4001745], [82.7407826, 22.4003617], [82.7382251, 22.399738], [82.7381513, 22.39965], [82.7396346, 22.3949134], [82.7401389, 22.3949606], [82.7403212, 22.3949035], [82.7409543, 22.3950796], [82.7410803, 22.3950746], [82.7426145, 22.3953598], [82.7417806, 22.3978913]]], [[[82.7420558, 22.4021617], [82.7430402, 22.4000648], [82.747683, 22.4006898], [82.7472401, 22.402985], [82.7420558, 22.4021617]]], [[[82.7410897, 22.394684], [82.7422779, 22.390917], [82.7405211, 22.3904383], [82.7411058, 22.3888313], [82.7447777, 22.3898208], [82.7461591, 22.3907855], [82.7464192, 22.39116], [82.7465426, 22.3915791], [82.7466204, 22.3923008], [82.7464648, 22.3928042], [82.7459445, 22.3936077], [82.7464407, 22.3940789], [82.7435895, 22.3982861], [82.7417806, 22.3978913], [82.7426145, 22.3953598], [82.7410803, 22.3950746], [82.7410897, 22.394684]]]]}, "id": "relation/16214721"}, {"type": "Feature", "properties": {"@id": "relation/17432765", "description": "2324000", "landuse": "industrial", "name": "Jindal Vijayanagara Solar Plant", "name:kn": "\u0c9c\u0cbf\u0c82\u0ca6\u0cbe\u0cb2\u0ccd \u0cb8\u0ccc\u0cb0 \u0cb6\u0c95\u0ccd\u0ca4\u0cbf", "plant:method": "photovoltaic", "plant:output:electricity": "yes", "plant:source": "solar", "power": "plant", "type": "multipolygon", "coal_industrial_zone": null, "centroid_lon": 76.70063484371042, "centroid_lat": 15.040925432445837, "area_sqkm": 3.723774956563712}, "geometry": {"type": "MultiPolygon", "coordinates": [[[[76.7196553, 15.0497956], [76.7201155, 15.049504], [76.7202111, 15.0492489], [76.7206941, 15.0505018], [76.7192225, 15.0507797], [76.7193819, 15.049996], [76.7196553, 15.0497956]]], [[[76.7203569, 15.0488798], [76.7204093, 15.0486247], [76.7205597, 15.0484379], [76.7207169, 15.0481099], [76.7211611, 15.0480597], [76.7212203, 15.047955], [76.7212431, 15.0477067], [76.7212886, 15.04757], [76.721398, 15.0473604], [76.7214868, 15.0471964], [76.7219743, 15.0471622], [76.7219652, 15.0469344], [76.722881, 15.0467704], [76.723193, 15.0468], [76.7233639, 15.0479208], [76.7227078, 15.0479755], [76.7220267, 15.0480575], [76.7219493, 15.048062], [76.721398, 15.0481053], [76.7213296, 15.0481577], [76.7213023, 15.0485404], [76.7215028, 15.0491851], [76.7216326, 15.0499391], [76.7218445, 15.0506065], [76.7214549, 15.0507546], [76.7216394, 15.051438], [76.7211656, 15.0514745], [76.7209355, 15.0507364], [76.7208262, 15.0502785], [76.7204891, 15.0494858], [76.7203569, 15.0488798]]], [[[76.7130719, 15.0485108], [76.7136323, 15.0485153], [76.7138646, 15.0487568], [76.7141881, 15.0488434], [76.7150218, 15.0486338], [76.7160378, 15.0484698], [76.7162748, 15.0492808], [76.7165663, 15.0492808], [76.7168351, 15.0492261], [76.7172042, 15.0490393], [76.7180972, 15.0487113], [76.7182612, 15.0492033], [76.7187077, 15.0499733], [76.7186074, 15.0502238], [76.7178557, 15.050397], [76.7177236, 15.0499778], [76.716662, 15.0501601], [76.7168397, 15.0512079], [76.7154638, 15.0512262], [76.7151084, 15.0514221], [76.7136277, 15.0523515], [76.7134045, 15.0513264], [76.7125434, 15.0517137], [76.7133316, 15.053331], [76.71227, 15.0533174], [76.7117324, 15.0532991], [76.7103656, 15.0528253], [76.7101879, 15.051946], [76.7103064, 15.0516544], [76.7106526, 15.0514312], [76.7109625, 15.051094], [76.7114909, 15.0507022], [76.7116777, 15.050397], [76.7122154, 15.0499687], [76.7124477, 15.0496179], [76.7126482, 15.0493218], [76.7129489, 15.0488206], [76.7130719, 15.0485108]]], [[[76.7186621, 15.0355216], [76.7188455, 15.0353109], [76.7192088, 15.0347961], [76.7196063, 15.0346047], [76.7200471, 15.0346548], [76.7206645, 15.0346924], [76.7205881, 15.0352699], [76.7205528, 15.0361276], [76.7206166, 15.0378816], [76.7193774, 15.0383099], [76.7181473, 15.0371253], [76.7179741, 15.0368064], [76.7186621, 15.0355216]]], [[[76.7229083, 15.0380639], [76.7228536, 15.0391345], [76.7225301, 15.0399865], [76.7220335, 15.0407565], [76.7220472, 15.0419228], [76.7220928, 15.0438318], [76.7221338, 15.0445881], [76.7215779, 15.0446519], [76.7215324, 15.0436222], [76.7215187, 15.0424012], [76.7203159, 15.0421871], [76.719186, 15.0420458], [76.7187213, 15.0421506], [76.7176097, 15.042301], [76.7175413, 15.0411118], [76.717473, 15.040556], [76.7183477, 15.0404831], [76.718489, 15.0404011], [76.7190311, 15.0404603], [76.7194412, 15.0404284], [76.7200745, 15.0404011], [76.7202476, 15.0403419], [76.7203569, 15.0401004], [76.7208444, 15.040105], [76.7214686, 15.0401004], [76.7215324, 15.0397086], [76.7203979, 15.0395674], [76.7204936, 15.0392393], [76.7183614, 15.0395309], [76.7182794, 15.0389386], [76.7196052, 15.0384921], [76.7208923, 15.0380138], [76.7216235, 15.0378315], [76.7221611, 15.0377928], [76.7228946, 15.0378907], [76.7229083, 15.0380639]]], [[[76.7107848, 15.041244], [76.7109032, 15.0413806], [76.7112176, 15.0416221], [76.7113953, 15.0418864], [76.7116459, 15.0422235], [76.7119602, 15.0426062], [76.7123247, 15.0428841], [76.7124842, 15.0430664], [76.712712, 15.0432896], [76.7130081, 15.0436997], [76.7133498, 15.0441051], [76.7136733, 15.0441234], [76.7137325, 15.0442373], [76.7139466, 15.0448295], [76.7137052, 15.0452077], [76.7134819, 15.0452305], [76.7132131, 15.0451849], [76.7129625, 15.0452851], [76.7127712, 15.0453785], [76.7124204, 15.0453626], [76.7116777, 15.0454446], [76.7117142, 15.0448797], [76.7104112, 15.0450346], [76.7104932, 15.0446564], [76.7105934, 15.0441871], [76.710639, 15.0439047], [76.7103109, 15.0434081], [76.7102882, 15.0431757], [76.7104522, 15.0428568], [76.7106208, 15.0425607], [76.7106936, 15.0422964], [76.7107574, 15.0419228], [76.7106253, 15.0415674], [76.7107848, 15.041244]]], [[[76.6917726, 15.0324646], [76.6918682, 15.0314486], [76.6924059, 15.0314258], [76.6937408, 15.0314486], [76.6941144, 15.0314121], [76.6946611, 15.0311934], [76.6950848, 15.0312845], [76.6963149, 15.0317629], [76.6970985, 15.032132], [76.6975746, 15.032403], [76.6977136, 15.0326195], [76.6974585, 15.0328381], [76.6966566, 15.0329019], [76.6961372, 15.0330022], [76.6955358, 15.0332026], [76.6953171, 15.0335033], [76.6948069, 15.0334942], [76.6942328, 15.0332482], [76.6932943, 15.0329202], [76.6917726, 15.0324646]]], [[[76.6958547, 15.0266146], [76.6951668, 15.026519], [76.6953991, 15.025749], [76.6948934, 15.0257126], [76.6942237, 15.0256442], [76.6937681, 15.0255531], [76.6931804, 15.0255166], [76.6927157, 15.025339], [76.693071, 15.0247922], [76.6933398, 15.0244642], [76.6936269, 15.0242956], [76.6940369, 15.0239904], [76.694529, 15.0234847], [76.6947294, 15.0228969], [76.6949527, 15.0224596], [76.6950757, 15.0220495], [76.6951896, 15.0215666], [76.6951713, 15.0210108], [76.6951713, 15.0206326], [76.6953536, 15.0201679], [76.6954675, 15.0197852], [76.6961646, 15.0198763], [76.696766, 15.0200403], [76.6971259, 15.0204458], [76.6972261, 15.0210654], [76.6972626, 15.0218627], [76.6960917, 15.0219265], [76.6962329, 15.0225051], [76.696201, 15.0227056], [76.695832, 15.0228468], [76.6958274, 15.0233252], [76.6958411, 15.0236578], [76.6979004, 15.0241726], [76.6977728, 15.024528], [76.6976225, 15.0245827], [76.6964242, 15.0242865], [76.6963058, 15.0248241], [76.6974949, 15.0250656], [76.6971395, 15.0259631], [76.6967796, 15.0265099], [76.6966612, 15.0267604], [76.6958547, 15.0266146]]], [[[76.6951919, 15.0276375], [76.6955039, 15.0276443], [76.69598, 15.0277309], [76.6958593, 15.0283231], [76.6957409, 15.0288266], [76.6955153, 15.029289], [76.6952374, 15.0292366], [76.6951759, 15.0291546], [76.6950096, 15.0290772], [76.6949458, 15.0289473], [76.6950096, 15.0287446], [76.6949481, 15.0286307], [76.6951919, 15.0276375]]], [[[76.6966475, 15.0316217], [76.6966407, 15.0313415], [76.6974812, 15.0313438], [76.6980234, 15.0313255], [76.6985496, 15.031444], [76.698618, 15.030813], [76.698176, 15.0307219], [76.6975883, 15.0306604], [76.6967044, 15.0305943], [76.6966931, 15.0301501], [76.69675, 15.0300977], [76.6969892, 15.0300931], [76.6973719, 15.0301752], [76.6974562, 15.0298426], [76.6975906, 15.0288858], [76.6977797, 15.0284074], [76.6980052, 15.0276397], [76.6981601, 15.0269358], [76.699249, 15.027093], [76.6991579, 15.0266192], [76.6990827, 15.0257877], [76.6989893, 15.0256875], [76.6985701, 15.0256305], [76.6980075, 15.0255918], [76.6975086, 15.0255258], [76.6979186, 15.0246738], [76.6980621, 15.0245166], [76.6982444, 15.0245736], [76.6983241, 15.0247444], [76.6983947, 15.0248424], [76.6985496, 15.0249563], [76.6989118, 15.0251134], [76.698987, 15.0252068], [76.6990189, 15.0253412], [76.6990576, 15.0254688], [76.6993697, 15.0255918], [76.6996932, 15.0257353], [76.6998299, 15.0258173], [76.6998413, 15.0259404], [76.699823, 15.0261089], [76.6999734, 15.0262092], [76.7001032, 15.0262889], [76.70029, 15.0262821], [76.7003424, 15.0263185], [76.7005042, 15.0265007], [76.7007547, 15.0266215], [76.7012901, 15.0268356], [76.7012878, 15.0269176], [76.701281, 15.027052], [76.7012627, 15.0272639], [76.7013106, 15.0274871], [76.7012946, 15.0279701], [76.7013835, 15.0280589], [76.7016409, 15.0281067], [76.7018026, 15.0281819], [76.7018505, 15.0283368], [76.7018687, 15.0284849], [76.7016682, 15.0288995], [76.7015748, 15.0291341], [76.7014062, 15.0293369], [76.7005998, 15.029412], [76.7005907, 15.0288152], [76.7007479, 15.0284188], [76.7009324, 15.028125], [76.7009279, 15.0279496], [76.7005201, 15.0280111], [76.6998731, 15.0280202], [76.6994882, 15.0280817], [76.6992262, 15.0291296], [76.6995109, 15.0292321], [76.700044, 15.0295738], [76.7005042, 15.0297856], [76.7006591, 15.0298722], [76.7007114, 15.0300385], [76.7008299, 15.0308267], [76.699946, 15.0307811], [76.6987114, 15.0305738], [76.6986977, 15.0308381], [76.6994996, 15.031034], [76.7009484, 15.0311479], [76.701003, 15.0316536], [76.7008618, 15.0316399], [76.7001419, 15.0316718], [76.6989756, 15.0315442], [76.6988162, 15.0328017], [76.698643, 15.0327106], [76.6966475, 15.0316217]]], [[[76.7013242, 15.0332983], [76.7012445, 15.0338427], [76.7009074, 15.0336628], [76.7003538, 15.0334669], [76.6997706, 15.0332573], [76.6999005, 15.0330523], [76.7002877, 15.0329475], [76.7007502, 15.032845], [76.700937, 15.0328222], [76.7011488, 15.0326992], [76.7011876, 15.0332482], [76.7013242, 15.0332983]]], [[[76.7015771, 15.0339771], [76.7016773, 15.0334441], [76.7022742, 15.0335762], [76.7026569, 15.0335307], [76.7027343, 15.0336673], [76.7030851, 15.0336263], [76.7037503, 15.0333758], [76.7042378, 15.0334623], [76.7046934, 15.033476], [76.7054087, 15.0332482], [76.7055818, 15.033189], [76.7058871, 15.0333302], [76.7059281, 15.0336856], [76.7057549, 15.0337448], [76.7057413, 15.0339771], [76.7058825, 15.0345056], [76.7059372, 15.0350569], [76.7062014, 15.0354487], [76.7068848, 15.0358087], [76.7072356, 15.0358679], [76.7074361, 15.035795], [76.7076548, 15.036729], [76.7079145, 15.0374762], [76.7082106, 15.0379272], [76.7062014, 15.0369568], [76.705313, 15.036205], [76.7047344, 15.0357995], [76.703158, 15.0348747], [76.7015771, 15.0339771]]], [[[76.6895401, 15.0474128], [76.6897133, 15.0475267], [76.6898955, 15.0476816], [76.6900322, 15.0478684], [76.6901506, 15.0482283], [76.6903329, 15.0483331], [76.6906108, 15.0482784], [76.6911074, 15.0481964], [76.6917179, 15.0481919], [76.6917498, 15.0483468], [76.6918682, 15.0483969], [76.6917908, 15.0493855], [76.6918455, 15.0497136], [76.6921598, 15.0498457], [76.6927066, 15.0500006], [76.6932123, 15.0501601], [76.6936132, 15.0502831], [76.6936223, 15.0505245], [76.6924833, 15.0505245], [76.6924423, 15.0507842], [76.6926154, 15.0524153], [76.693112, 15.0524791], [76.6940825, 15.0524062], [76.6950711, 15.052192], [76.6950711, 15.0523788], [76.6957819, 15.0523925], [76.6966657, 15.0524198], [76.6966839, 15.0529757], [76.6942784, 15.0529985], [76.6927886, 15.0530395], [76.6929708, 15.0542832], [76.6932806, 15.054306], [76.6939959, 15.0544381], [76.6939868, 15.0548072], [76.6938319, 15.0551808], [76.6933808, 15.0553904], [76.6933717, 15.0560464], [76.6938, 15.0560555], [76.6942465, 15.0560464], [76.6945927, 15.0560555], [76.6948069, 15.0562378], [76.695308, 15.0564063], [76.6955768, 15.0566524], [76.6958183, 15.0570032], [76.6958912, 15.0573585], [76.6958411, 15.0575385], [76.6957272, 15.0575818], [76.6945517, 15.0576547], [76.6946064, 15.0586023], [76.694734, 15.0594452], [76.6950028, 15.0610352], [76.6941599, 15.0610033], [76.6930893, 15.0610762], [76.6932669, 15.0594634], [76.6924514, 15.0594179], [76.6924013, 15.0598097], [76.6920642, 15.0601514], [76.6910755, 15.0602881], [76.6911302, 15.0598962], [76.6905789, 15.0597915], [76.6897269, 15.0594589], [76.6897224, 15.0598051], [76.6897224, 15.0602516], [76.689818, 15.0606708], [76.6898408, 15.0610079], [76.6898089, 15.0612904], [76.6895447, 15.061345], [76.6890709, 15.0615546], [76.6891438, 15.0610352], [76.6891665, 15.0603837], [76.6893078, 15.0600101], [76.6892531, 15.0596867], [76.6893533, 15.0591081], [76.6895492, 15.0587436], [76.6897269, 15.0581513], [76.689777, 15.0572674], [76.6893488, 15.0572264], [76.6887155, 15.0591946], [76.6885196, 15.0592812], [76.6882007, 15.0590397], [76.688187, 15.0584201], [76.68831, 15.0574406], [76.6883647, 15.0567617], [76.6883191, 15.0560555], [76.6883055, 15.0554177], [76.6883647, 15.0553493], [76.6885697, 15.0553357], [76.6891164, 15.0554769], [76.6896267, 15.0557412], [76.689572, 15.0552263], [76.6899411, 15.0550805], [76.690506, 15.0549894], [76.6916906, 15.0552446], [76.6928569, 15.0558961], [76.6931348, 15.0553904], [76.6929252, 15.0552765], [76.6924514, 15.0552263], [76.6920414, 15.0550487], [76.6919229, 15.0548983], [76.691645, 15.0544746], [76.691481, 15.0537411], [76.6912805, 15.0531944], [76.6910345, 15.0527069], [76.6908933, 15.0523743], [76.6903557, 15.0518458], [76.6898089, 15.0513947], [76.6896677, 15.0507205], [76.6895492, 15.0500052], [76.6888886, 15.0498867], [76.6887884, 15.0491259], [76.6887975, 15.0485609], [76.689039, 15.0481691], [76.6890754, 15.0474994], [76.6895401, 15.0474128]]], [[[76.6925198, 15.042998], [76.6921644, 15.0445835], [76.6920733, 15.0451849], [76.6926655, 15.0457772], [76.692784, 15.0461781], [76.6927749, 15.0473991], [76.6923922, 15.0478183], [76.6918637, 15.0479185], [76.6909069, 15.0476816], [76.6904787, 15.047472], [76.6897497, 15.0466519], [76.6899775, 15.0464241], [76.6900686, 15.0461508], [76.690424, 15.0459139], [76.6907338, 15.0454856], [76.6909616, 15.0448478], [76.6910527, 15.0445288], [76.6903329, 15.0442646], [76.6898864, 15.0437452], [76.6898044, 15.0434719], [76.6899228, 15.0430892], [76.6905242, 15.0424149], [76.6914354, 15.0435447], [76.691563, 15.0429707], [76.6917225, 15.0425424], [76.6918227, 15.0424331], [76.6924879, 15.0427748], [76.6925198, 15.042998]]], [[[76.6926245, 15.0360137], [76.6933398, 15.0334669], [76.6946064, 15.0336491], [76.6956634, 15.03364], [76.696201, 15.0333256], [76.6964561, 15.0330978], [76.6968434, 15.0331161], [76.697586, 15.0331844], [76.6977637, 15.0332482], [76.697905, 15.0334714], [76.6981783, 15.0334714], [76.6986795, 15.033435], [76.6992034, 15.0332527], [76.6996089, 15.0333621], [76.7011625, 15.0340364], [76.7020919, 15.0344373], [76.7036273, 15.0353849], [76.7046615, 15.036041], [76.7053403, 15.0365148], [76.7056638, 15.0369067], [76.7065112, 15.0373304], [76.7084977, 15.0383053], [76.7094043, 15.0387974], [76.710197, 15.0392029], [76.7115775, 15.0396494], [76.7118008, 15.0397359], [76.711737, 15.0402052], [76.7118737, 15.0406107], [76.7111766, 15.0408248], [76.7108668, 15.0408658], [76.7105797, 15.0405833], [76.7103383, 15.0405697], [76.7100148, 15.0403601], [76.7096412, 15.0403328], [76.7091492, 15.0402644], [76.7088621, 15.0404649], [76.7087209, 15.0407018], [76.7086434, 15.041244], [76.7083473, 15.0412667], [76.7079555, 15.0411939], [76.7070215, 15.041326], [76.7061468, 15.0414991], [76.7055636, 15.0415401], [76.7053677, 15.0412804], [76.7053495, 15.0407793], [76.7054224, 15.040392], [76.7055909, 15.0402644], [76.7058597, 15.0402963], [76.7057504, 15.0400731], [76.70519, 15.0400731], [76.7047845, 15.0399273], [76.7041148, 15.0398225], [76.7033038, 15.0398999], [76.7026842, 15.0400913], [76.7027343, 15.0395856], [76.7024427, 15.03954], [76.7018687, 15.03954], [76.7017183, 15.0398316], [76.7014769, 15.040023], [76.7008618, 15.0399136], [76.7004882, 15.0397587], [76.7001465, 15.0398726], [76.6998914, 15.0397496], [76.6983469, 15.0397086], [76.6982831, 15.0405742], [76.699536, 15.0405423], [76.6994677, 15.040802], [76.6995178, 15.0408749], [76.6997091, 15.0409023], [76.6999096, 15.0408066], [76.7000508, 15.0411027], [76.6999141, 15.0415447], [76.6997091, 15.0420185], [76.7003333, 15.0417269], [76.7005338, 15.0422508], [76.7003925, 15.0423647], [76.7002923, 15.042629], [76.7000189, 15.0429525], [76.6991351, 15.0432349], [76.6987524, 15.0432349], [76.6975131, 15.0424194], [76.6971122, 15.0415583], [76.6965381, 15.0400822], [76.6961053, 15.0399683], [76.6954857, 15.0400366], [76.6954538, 15.0402462], [76.6955723, 15.0405469], [76.6957044, 15.0409205], [76.6955859, 15.0412394], [76.695021, 15.0414399], [76.6947385, 15.0417132], [76.6945882, 15.0420732], [76.6945654, 15.0426427], [76.6947157, 15.0435174], [76.6950483, 15.0445106], [76.695185, 15.0449981], [76.694939, 15.045358], [76.6944105, 15.0459275], [76.6937772, 15.0455585], [76.6929344, 15.045276], [76.6925653, 15.0450209], [76.6925425, 15.0446245], [76.6927476, 15.0436678], [76.6929298, 15.0428887], [76.6929116, 15.0426882], [76.692743, 15.0424149], [76.6922145, 15.0423556], [76.6920004, 15.042301], [76.691563, 15.0418089], [76.6912987, 15.0416176], [76.6914901, 15.0403647], [76.6915584, 15.0392986], [76.6919821, 15.0379682], [76.6926245, 15.0360137]]], [[[76.6887793, 15.0338314], [76.689654, 15.0336673], [76.69026, 15.0336309], [76.6902964, 15.0341867], [76.6904103, 15.0348975], [76.690465, 15.0377222], [76.6913033, 15.0375217], [76.6919594, 15.0376538], [76.6916678, 15.0387427], [76.6913625, 15.0393259], [76.6909981, 15.0389705], [76.6905288, 15.0391528], [76.6904832, 15.0400275], [76.6891346, 15.0396858], [76.6890891, 15.0389933], [76.6891164, 15.0375582], [76.6889479, 15.0360046], [76.6887793, 15.0338314]]], [[[76.6988754, 15.0230564], [76.6993492, 15.0239312], [76.6993857, 15.0243002], [76.6992763, 15.024897], [76.6990667, 15.0250884], [76.6982467, 15.0244095], [76.6982649, 15.0240678], [76.6984745, 15.0233799], [76.698602, 15.0231202], [76.6988754, 15.0230564]]], [[[76.7087391, 15.0381823], [76.7087847, 15.037344], [76.7088712, 15.036205], [76.7095273, 15.0362187], [76.7095592, 15.0385514], [76.7087391, 15.0381823]]]]}, "id": "relation/17432765"}, {"type": "Feature", "properties": {"@id": "relation/19280842", "landuse": "industrial", "name": "KPCL Bellary Thermal Power Plant", "name:kn": "\u0cac\u0cb3\u0ccd\u0cb3\u0cbe\u0cb0\u0cbf \u0cb6\u0cbe\u0c96\u0ccb\u0ca4\u0ccd\u0caa\u0ca8\u0ccd\u0ca8 \u0cb5\u0cbf\u0ca6\u0ccd\u0caf\u0cc1\u0ca4\u0ccd \u0cb8\u0ccd\u0ca5\u0cbe\u0cb5\u0cb0\u0ca6", "operator": "Karnataka Power Corporation Limited", "operator:wikidata": "Q6372867", "plant:method": "combustion", "plant:output:electricity": "1700 MW", "plant:source": "coal", "power": "plant", "type": "multipolygon", "wikidata": "Q15198264", "coal_industrial_zone": "Bellary_Karnataka", "centroid_lon": 76.72296595767526, "centroid_lat": 15.198892284019507, "area_sqkm": 7.256842361242791}, "geometry": {"type": "Polygon", "coordinates": [[[76.7377347, 15.2060111], [76.7353595, 15.206931], [76.7348335, 15.2070541], [76.7346804, 15.2072141], [76.732895, 15.2079586], [76.7311511, 15.2089369], [76.7306792, 15.2092754], [76.7286994, 15.2102814], [76.7272774, 15.2110413], [76.7249596, 15.212318], [76.7231455, 15.213404], [76.7221221, 15.2114689], [76.7216471, 15.2104998], [76.7212231, 15.2101091], [76.720968, 15.209743], [76.7200689, 15.2090938], [76.7192464, 15.208697], [76.7171071, 15.2086601], [76.716935, 15.2086293], [76.7166671, 15.2089954], [76.7152739, 15.2097399], [76.7145534, 15.2101706], [76.7139157, 15.2106813], [76.7135172, 15.2111151], [76.7118147, 15.2131979], [76.7114481, 15.2119981], [76.7089613, 15.2124318], [76.7093821, 15.213764], [76.7072492, 15.21413], [76.7067838, 15.2123395], [76.7087509, 15.211672], [76.7081419, 15.2096784], [76.7085118, 15.2095307], [76.7090123, 15.2105798], [76.7110304, 15.210346], [76.7104374, 15.2079832], [76.7101186, 15.206811], [76.710922, 15.2066757], [76.7106733, 15.204239], [76.7118498, 15.2041344], [76.711464, 15.2031038], [76.7114417, 15.2018208], [76.7093247, 15.1997041], [76.710007, 15.1985257], [76.710769, 15.1969381], [76.7117541, 15.1949906], [76.7119805, 15.1927937], [76.712752, 15.1895015], [76.7132367, 15.1895231], [76.7133961, 15.1887785], [76.7131952, 15.1885385], [76.7132239, 15.1880216], [76.7136766, 15.1880616], [76.7136033, 15.1877601], [76.7139636, 15.1877293], [76.7140241, 15.1874954], [76.7141007, 15.1874524], [76.7142473, 15.187477], [76.7143621, 15.1864339], [76.714039, 15.1855267], [76.7187516, 15.1843187], [76.7196689, 15.18424], [76.7204125, 15.1844294], [76.7215903, 15.1848332], [76.7222947, 15.185126], [76.7236238, 15.1864832], [76.7244686, 15.1868801], [76.7253677, 15.1872247], [76.7292551, 15.1878758], [76.7328006, 15.1887734], [76.7370357, 15.190192], [76.7355731, 15.1942983], [76.7355859, 15.1964982], [76.7357835, 15.1978673], [76.7362076, 15.2000025], [76.7363829, 15.2024085], [76.7371321, 15.2023931], [76.7376072, 15.205202], [76.7377347, 15.2060111]]]}, "id": "relation/19280842"}, {"type": "Feature", "properties": {"@id": "way/56684921", "landuse": "industrial", "name": "Bokaro Steel Plant", "coal_industrial_zone": "Dhanbad_Bokaro_JH", "centroid_lon": 86.09903299656578, "centroid_lat": 23.681465871736393, "area_sqkm": 16.60702675944283}, "geometry": {"type": "Polygon", "coordinates": [[[86.0899836, 23.7110247], [86.0886032, 23.7108281], [86.0867914, 23.7091145], [86.0849464, 23.7071153], [86.0825203, 23.6987336], [86.0858434, 23.6887898], [86.0767703, 23.6856415], [86.0851909, 23.6646387], [86.0868557, 23.6626456], [86.0886854, 23.6631209], [86.0891046, 23.6632644], [86.0894556, 23.6633845], [86.0895645, 23.6630211], [86.0970141, 23.6630699], [86.099802, 23.6649111], [86.1002205, 23.6649481], [86.1072684, 23.6644918], [86.1247393, 23.6570478], [86.1257244, 23.656892], [86.1266586, 23.6571559], [86.127101, 23.6583396], [86.1260048, 23.6587312], [86.1274196, 23.6620893], [86.1266941, 23.6688686], [86.1271181, 23.6699913], [86.1197747, 23.6725404], [86.1217206, 23.6769045], [86.1192918, 23.677737], [86.1185675, 23.6768395], [86.1176301, 23.6771387], [86.1165789, 23.6758359], [86.1134387, 23.6768631], [86.1132168, 23.6764033], [86.1128944, 23.6765285], [86.1120567, 23.6768539], [86.1119065, 23.6773274], [86.1139814, 23.6783126], [86.1152839, 23.6818061], [86.1136708, 23.6824634], [86.1053829, 23.685385], [86.104578, 23.6836995], [86.0986315, 23.685815], [86.1029158, 23.6961781], [86.1041508, 23.7023629], [86.100785, 23.7081689], [86.0999884, 23.7090054], [86.0990549, 23.7096405], [86.0974406, 23.710329], [86.0954698, 23.7107801], [86.0936092, 23.7108336], [86.0928749, 23.7107611], [86.0919217, 23.7106389], [86.0918976, 23.7117855], [86.0933758, 23.7120218], [86.0932585, 23.7136846], [86.0898937, 23.7133753], [86.0899836, 23.7110247]]]}, "id": "way/56684921"}, {"type": "Feature", "properties": {"@id": "way/64648252", "landuse": "industrial", "name": "IISCO Steel Plant", "coal_industrial_zone": "Raniganj_Coalfield_WB", "centroid_lon": 86.92524594707456, "centroid_lat": 23.671454328664606, "area_sqkm": 6.169678202074052}, "geometry": {"type": "Polygon", "coordinates": [[[86.9409885, 23.6759059], [86.9411606, 23.6758158], [86.9424427, 23.6776139], [86.9423686, 23.67765], [86.9423622, 23.6779848], [86.9420993, 23.6785301], [86.9420189, 23.6792572], [86.9417559, 23.6798486], [86.9393046, 23.6815792], [86.9387102, 23.682299], [86.9385275, 23.6825202], [86.9390878, 23.6831133], [86.9404582, 23.684496], [86.9379796, 23.6850043], [86.9378797, 23.6857778], [86.9372076, 23.6854285], [86.9342922, 23.6848546], [86.9337927, 23.6857029], [86.9334372, 23.6855801], [86.9325124, 23.6852625], [86.9330518, 23.6845097], [86.934225, 23.6831696], [86.9347109, 23.6825083], [86.9356972, 23.6808807], [86.9357991, 23.6807317], [86.9361332, 23.6799944], [86.9357471, 23.6793917], [86.9353809, 23.6793706], [86.9351931, 23.6788385], [86.9349933, 23.6788177], [86.9347799, 23.678406], [86.9346255, 23.678327], [86.934403, 23.6782896], [86.9338793, 23.6783543], [86.9325481, 23.6794232], [86.9314627, 23.6799466], [86.9302671, 23.6813015], [86.9299772, 23.6816302], [86.9296576, 23.6819923], [86.9296159, 23.6828101], [86.9300881, 23.6837375], [86.9307966, 23.6848686], [86.9308329, 23.6851098], [86.930574, 23.6853594], [86.9308522, 23.6861058], [86.9302562, 23.6863242], [86.9301644, 23.6863349], [86.9297249, 23.6863865], [86.9294242, 23.6863343], [86.9213468, 23.6798445], [86.9189408, 23.6822589], [86.9174944, 23.6811343], [86.9173125, 23.6804761], [86.9170396, 23.6803345], [86.9161387, 23.6803171], [86.9157843, 23.6786767], [86.9177946, 23.6740946], [86.9203144, 23.6718285], [86.9177085, 23.6696915], [86.9167758, 23.6700206], [86.9092176, 23.6637455], [86.9079504, 23.662102], [86.9086252, 23.6609641], [86.9087616, 23.6585728], [86.9130285, 23.6546352], [86.9187948, 23.6593209], [86.9220925, 23.6606557], [86.9235074, 23.662858], [86.9245431, 23.6636288], [86.9258563, 23.6636881], [86.9293835, 23.6635152], [86.9330083, 23.6660024], [86.9338907, 23.6668106], [86.9346846, 23.6675231], [86.9358889, 23.668658], [86.936375, 23.6692633], [86.9403391, 23.6750852], [86.9409885, 23.6759059]]]}, "id": "way/64648252"}, {"type": "Feature", "properties": {"@id": "way/64690594", "landuse": "industrial", "name": "Durgapur Steel Plant", "coal_industrial_zone": "Raniganj_Coalfield_WB", "centroid_lon": 87.25688007183822, "centroid_lat": 23.54011429500262, "area_sqkm": 10.855428955473561}, "geometry": {"type": "Polygon", "coordinates": [[[87.2284928, 23.5620731], [87.2268238, 23.5624184], [87.2253513, 23.5627529], [87.2254103, 23.5625612], [87.2256356, 23.562276], [87.2264564, 23.5611155], [87.2277769, 23.5585953], [87.2311911, 23.5523606], [87.2336707, 23.5499681], [87.2352103, 23.5515105], [87.2362285, 23.5503143], [87.2376991, 23.5473591], [87.2380827, 23.5465882], [87.2392493, 23.5455957], [87.2416125, 23.543585], [87.2433228, 23.5421447], [87.2606861, 23.527522], [87.261717, 23.5269042], [87.2625462, 23.5267716], [87.2637193, 23.5271339], [87.2646942, 23.5279465], [87.2650418, 23.5285841], [87.2655122, 23.5283965], [87.2647419, 23.5271214], [87.2656563, 23.5261047], [87.2655576, 23.5260019], [87.2661484, 23.5254603], [87.269631, 23.521538], [87.2697235, 23.5214936], [87.2695872, 23.5212811], [87.2702417, 23.5208685], [87.2709129, 23.5201169], [87.2813322, 23.514598], [87.2824445, 23.5140088], [87.286745, 23.5117308], [87.286867, 23.5119253], [87.2903992, 23.5101623], [87.2919451, 23.5127948], [87.2887442, 23.5149164], [87.2891877, 23.5162185], [87.2873646, 23.5191279], [87.2878756, 23.5208871], [87.2870343, 23.5232693], [87.2845494, 23.5236451], [87.2821117, 23.5242607], [87.279941, 23.5253777], [87.2780384, 23.5282354], [87.2749567, 23.531175], [87.2702864, 23.5324559], [87.269738, 23.5322225], [87.2695693, 23.5323551], [87.2694922, 23.5323374], [87.2694732, 23.5321343], [87.2679737, 23.5314282], [87.2678076, 23.53135], [87.2669354, 23.5330017], [87.2666355, 23.5328266], [87.2662878, 23.5324766], [87.2659893, 23.5319897], [87.265831, 23.5313891], [87.2654508, 23.5314036], [87.2635835, 23.5366944], [87.2608123, 23.5451948], [87.2546329, 23.5571468], [87.2520196, 23.5577318], [87.2510102, 23.5579631], [87.2510929, 23.5585614], [87.2512887, 23.5593909], [87.2491385, 23.5598689], [87.2497826, 23.5606646], [87.2481158, 23.5613052], [87.2473648, 23.5602327], [87.2473298, 23.5601744], [87.2385827, 23.5620473], [87.2381428, 23.5616146], [87.2378853, 23.5617744], [87.2372657, 23.5612409], [87.2368258, 23.5609065], [87.2366139, 23.5608106], [87.2364262, 23.5607959], [87.2359855, 23.5608331], [87.23593, 23.5605992], [87.2284928, 23.5620731]]]}, "id": "way/64690594"}, {"type": "Feature", "properties": {"@id": "way/90989955", "landuse": "industrial", "coal_industrial_zone": "Talcher_Angul_OD", "centroid_lon": 85.16261755303766, "centroid_lat": 20.91625798031856, "area_sqkm": 1.9908069938282642}, "geometry": {"type": "Polygon", "coordinates": [[[85.1591002, 20.910311], [85.1599567, 20.9105907], [85.1612609, 20.9074518], [85.1704249, 20.9103364], [85.1670382, 20.9195945], [85.1651954, 20.9202923], [85.1626554, 20.9273169], [85.1617091, 20.9271308], [85.1578617, 20.9212667], [85.1548694, 20.9207295], [85.1562936, 20.9176602], [85.1568282, 20.9156944], [85.1591002, 20.910311]]]}, "id": "way/90989955"}, {"type": "Feature", "properties": {"@id": "way/111707902", "landuse": "industrial", "name": "Food Corporation of India", "name:kn": "\u0cad\u0cbe\u0cb0\u0ca4\u0cc0\u0caf \u0c96\u0cbe\u0ca6\u0ccd\u0caf \u0ca8\u0cbf\u0c97\u0cae", "operator": "Govt of India", "coal_industrial_zone": "Bellary_Karnataka", "centroid_lon": 76.86625760987324, "centroid_lat": 15.168081706201786, "area_sqkm": 0.17071720818031183}, "geometry": {"type": "Polygon", "coordinates": [[[76.8627252, 15.1699092], [76.864003, 15.1689686], [76.8639191, 15.1686448], [76.8647387, 15.167754], [76.8651517, 15.1671063], [76.8655978, 15.1668636], [76.8662184, 15.1663479], [76.866544, 15.1659448], [76.8666714, 15.1658014], [76.8668626, 15.165774], [76.8673227, 15.1667852], [76.8689012, 15.1658169], [76.8694179, 15.1655828], [76.8695523, 15.1658765], [76.8698143, 15.1657194], [76.8708548, 15.1654051], [76.8709397, 15.1655623], [76.8699537, 15.1661698], [76.8688808, 15.1669775], [76.8672297, 15.168352], [76.8662424, 15.1693673], [76.8657648, 15.1700524], [76.865384, 15.1708186], [76.8641966, 15.1708933], [76.8640675, 15.1695105], [76.8628413, 15.1702767], [76.8627252, 15.1699092]]]}, "id": "way/111707902"}, {"type": "Feature", "properties": {"@id": "way/117033097", "landuse": "industrial", "coal_industrial_zone": "Dhanbad_Bokaro_JH", "centroid_lon": 86.48305658043923, "centroid_lat": 23.616889692939896, "area_sqkm": 1.0239989905500408}, "geometry": {"type": "Polygon", "coordinates": [[[86.4811642, 23.6136089], [86.4807308, 23.6110322], [86.4808527, 23.6096921], [86.4820445, 23.609568], [86.4834529, 23.6105111], [86.4848749, 23.6121863], [86.485051, 23.6140228], [86.486148, 23.6159213], [86.4871366, 23.6168148], [86.4877325, 23.6182666], [86.4883148, 23.6192965], [86.488518, 23.6202891], [86.488694, 23.6213686], [86.4894855, 23.6232537], [86.4867942, 23.6239545], [86.4855375, 23.6241302], [86.4847124, 23.6207606], [86.480603, 23.6187718], [86.4792769, 23.617938], [86.4757232, 23.6162941], [86.4719269, 23.6145311], [86.4723429, 23.6138799], [86.4771447, 23.6158494], [86.4792162, 23.6140387], [86.4798749, 23.6134351], [86.4811642, 23.6136089]]]}, "id": "way/117033097"}, {"type": "Feature", "properties": {"@id": "way/117033098", "landuse": "industrial", "name": "Santhaldih", "operator": "West Bengal Power Development Corporation", "plant:method": "combustion", "plant:output:electricity": "500 MW", "plant:source": "coal", "power": "plant", "wikidata": "Q7420017", "coal_industrial_zone": "Dhanbad_Bokaro_JH", "centroid_lon": 86.46616812164628, "centroid_lat": 23.602616134393006, "area_sqkm": 2.01437528157672}, "geometry": {"type": "Polygon", "coordinates": [[[86.4568465, 23.601933], [86.4570198, 23.6009774], [86.4581033, 23.5995626], [86.4590377, 23.5996992], [86.4598909, 23.5994137], [86.459769, 23.5986443], [86.4605952, 23.5973536], [86.4627485, 23.5951073], [86.4644684, 23.5951569], [86.4664728, 23.596882], [86.4685313, 23.5965469], [86.4688428, 23.5967455], [86.4690188, 23.5970558], [86.4712534, 23.5973164], [86.4706304, 23.5996867], [86.4747508, 23.6035773], [86.475709, 23.6040805], [86.4743114, 23.6066716], [86.4691542, 23.6092627], [86.4672691, 23.6095407], [86.4664673, 23.6094811], [86.4642571, 23.6087167], [86.4635962, 23.6086572], [86.4632279, 23.6075453], [86.4614727, 23.6063142], [86.4588725, 23.6037727], [86.45858, 23.6037727], [86.4580708, 23.6030976], [86.4568465, 23.601933]]]}, "id": "way/117033098"}, {"type": "Feature", "properties": {"@id": "way/117580758", "landuse": "industrial", "name": "Chandrapura Thermal Power Station", "operator": "Damodar Valley Corporation", "plant:method": "combustion", "plant:output:electricity": "500 MW", "plant:source": "coal", "power": "plant", "source": "https://www.dvc.gov.in/dvcwebsite_new1/generating-units/", "wikidata": "Q15209027", "wikipedia": "en:Chandrapura Thermal Power Station", "coal_industrial_zone": "Dhanbad_Bokaro_JH", "centroid_lon": 86.12437113989608, "centroid_lat": 23.738014479349886, "area_sqkm": 1.2424065696031865}, "geometry": {"type": "Polygon", "coordinates": [[[86.1335258, 23.7388624], [86.1301707, 23.7389224], [86.1302458, 23.7390602], [86.1283756, 23.7391091], [86.1282626, 23.7401761], [86.1282493, 23.7404715], [86.1277077, 23.7404062], [86.1276786, 23.7405599], [86.1274371, 23.7405477], [86.1266542, 23.7406203], [86.1258563, 23.7411484], [86.1257732, 23.7412187], [86.125434, 23.7416009], [86.1253047, 23.7420501], [86.1250972, 23.7423174], [86.1249407, 23.7422294], [86.124669, 23.742628], [86.1241535, 23.7422713], [86.12397, 23.7421177], [86.1237209, 23.7424479], [86.1236525, 23.7425385], [86.1224246, 23.7423972], [86.1200889, 23.7423502], [86.1198753, 23.7424244], [86.1185005, 23.7412179], [86.1182275, 23.7410778], [86.1163177, 23.7410386], [86.1163161, 23.7411154], [86.1158656, 23.7411237], [86.1159074, 23.7398801], [86.1156992, 23.7395699], [86.1117393, 23.739428], [86.1117348, 23.7391206], [86.115245, 23.7392299], [86.1157016, 23.7391149], [86.1157331, 23.7390062], [86.1168312, 23.7386915], [86.1170503, 23.7385431], [86.1175361, 23.7381308], [86.1188635, 23.73697], [86.119991, 23.7359756], [86.1210561, 23.735415], [86.1210917, 23.7353612], [86.1211926, 23.7352084], [86.1214335, 23.7345541], [86.1217259, 23.7346152], [86.1217958, 23.733945], [86.1224405, 23.7338455], [86.1229663, 23.7335056], [86.1233481, 23.7335575], [86.1236944, 23.7331991], [86.1272168, 23.7334675], [86.1289492, 23.7351059], [86.1343586, 23.7366684], [86.1344977, 23.7370052], [86.1344533, 23.7373163], [86.1339615, 23.7378325], [86.1342131, 23.738279], [86.1335258, 23.7388624]]]}, "id": "way/117580758"}, {"type": "Feature", "properties": {"@id": "way/117580760", "landuse": "industrial", "coal_industrial_zone": "Dhanbad_Bokaro_JH", "centroid_lon": 86.15409997009662, "centroid_lat": 23.73738802891077, "area_sqkm": 0.3551999528247891}, "geometry": {"type": "Polygon", "coordinates": [[[86.1514638, 23.7394895], [86.1513339, 23.7388719], [86.150444, 23.7389256], [86.1502901, 23.7381353], [86.1501047, 23.735904], [86.1510579, 23.7355678], [86.1510122, 23.7352952], [86.1536141, 23.7351408], [86.1559264, 23.7348906], [86.1562695, 23.7351259], [86.1558987, 23.7357512], [86.1560831, 23.7359792], [86.1559657, 23.7364317], [86.1560579, 23.7374257], [86.1566287, 23.7375244], [86.1568895, 23.7367953], [86.1573844, 23.7369575], [86.1586496, 23.737852], [86.1599189, 23.7384722], [86.159784, 23.739157], [86.1577341, 23.7389254], [86.1514638, 23.7394895]]]}, "id": "way/117580760"}, {"type": "Feature", "properties": {"@id": "way/117627772", "landuse": "industrial", "coal_industrial_zone": "Dhanbad_Bokaro_JH", "centroid_lon": 86.57434438529218, "centroid_lat": 23.76332070129217, "area_sqkm": 0.06789439860581693}, "geometry": {"type": "Polygon", "coordinates": [[[86.5744434, 23.7647981], [86.5746066, 23.7636099], [86.5731295, 23.7631118], [86.571388, 23.7627205], [86.5715591, 23.7620446], [86.5739925, 23.7625142], [86.5755551, 23.7629197], [86.5759827, 23.7631047], [86.5771722, 23.7637522], [86.575936, 23.7637095], [86.5758661, 23.7647768], [86.5744434, 23.7647981]]]}, "id": "way/117627772"}, {"type": "Feature", "properties": {"@id": "way/117695910", "landuse": "industrial", "coal_industrial_zone": "Jharia_Coalfield_JH", "centroid_lon": 86.42682699247533, "centroid_lat": 23.65951841789359, "area_sqkm": 0.5997823109753432}, "geometry": {"type": "Polygon", "coordinates": [[[86.4202474, 23.6655723], [86.4191829, 23.6644755], [86.4246649, 23.6585037], [86.4274592, 23.6562611], [86.4353533, 23.6546962], [86.435466, 23.6551141], [86.435694, 23.6559599], [86.4304151, 23.6574506], [86.4308928, 23.6591046], [86.4282852, 23.6598599], [86.4284108, 23.6601866], [86.428711, 23.6609675], [86.4250152, 23.6624963], [86.4219154, 23.6642278], [86.4202474, 23.6655723]]]}, "id": "way/117695910"}, {"type": "Feature", "properties": {"@id": "way/117695915", "landuse": "industrial", "coal_industrial_zone": "Jharia_Coalfield_JH", "centroid_lon": 86.4941198838769, "centroid_lat": 23.65802135074103, "area_sqkm": 3.4816493238799198}, "geometry": {"type": "Polygon", "coordinates": [[[86.5028695, 23.6577365], [86.5026355, 23.6580274], [86.5009189, 23.660435], [86.4979684, 23.6643952], [86.4966488, 23.6645328], [86.4965308, 23.6647785], [86.4971473, 23.665178], [86.4952516, 23.6683113], [86.4947504, 23.6681317], [86.4930071, 23.6699079], [86.4905012, 23.6672935], [86.4879082, 23.6644395], [86.4870148, 23.6651979], [86.4838769, 23.6627231], [86.4828964, 23.6595497], [86.4830489, 23.6592702], [86.4832353, 23.6579403], [86.4836917, 23.6546846], [86.486056, 23.6538014], [86.489172, 23.6535219], [86.4899347, 23.6522445], [86.4943581, 23.6501487], [86.4998929, 23.6494301], [86.5019848, 23.6483323], [86.5055149, 23.6511467], [86.5046215, 23.6519052], [86.5066698, 23.6542804], [86.5052316, 23.6559969], [86.5042946, 23.6555977], [86.5028695, 23.6577365]]]}, "id": "way/117695915"}, {"type": "Feature", "properties": {"@id": "way/117807503", "landuse": "industrial", "coal_industrial_zone": "Jharia_Coalfield_JH", "centroid_lon": 86.4321432343776, "centroid_lat": 23.789124697147113, "area_sqkm": 0.02741519989903768}, "geometry": {"type": "Polygon", "coordinates": [[[86.4303596, 23.7895525], [86.4293672, 23.7895224], [86.4290746, 23.7895492], [86.4290557, 23.7893987], [86.4339178, 23.7886431], [86.4351048, 23.7884648], [86.43513, 23.7885979], [86.4341313, 23.7889073], [86.4337859, 23.7890325], [86.4334524, 23.7891585], [86.4329721, 23.789311], [86.432595, 23.789419], [86.4321996, 23.7894488], [86.4313619, 23.7894621], [86.4303596, 23.7895525]]]}, "id": "way/117807503"}, {"type": "Feature", "properties": {"@id": "way/117820760", "landuse": "industrial", "coal_industrial_zone": "Jharia_Coalfield_JH", "centroid_lon": 86.31714904268607, "centroid_lat": 23.774818836696625, "area_sqkm": 0.3668023684490348}, "geometry": {"type": "Polygon", "coordinates": [[[86.315864, 23.7784204], [86.3136141, 23.7755221], [86.3143736, 23.7744336], [86.3149038, 23.7727549], [86.3180566, 23.7712205], [86.3199483, 23.7740008], [86.3216393, 23.7749189], [86.315864, 23.7784204]]]}, "id": "way/117820760"}, {"type": "Feature", "properties": {"@id": "way/117922389", "landuse": "industrial", "coal_industrial_zone": "Raniganj_Coalfield_WB", "centroid_lon": 87.27936593219673, "centroid_lat": 23.510672546272783, "area_sqkm": 1.9618167592232794}, "geometry": {"type": "Polygon", "coordinates": [[[87.2680503, 23.5206489], [87.267869, 23.5204306], [87.2701488, 23.5168926], [87.270492, 23.516452], [87.2715401, 23.5151065], [87.2704439, 23.5141708], [87.2715339, 23.5127634], [87.2722445, 23.5120686], [87.2726417, 23.5116879], [87.2728256, 23.5117934], [87.273262, 23.5112326], [87.2723672, 23.5103938], [87.2731407, 23.5095659], [87.2715655, 23.5080293], [87.2733487, 23.5056499], [87.274947, 23.5069927], [87.2784057, 23.5068242], [87.2790183, 23.5072927], [87.2793058, 23.5072059], [87.2794705, 23.5074062], [87.2800296, 23.5070369], [87.2804367, 23.5068975], [87.2809137, 23.5067343], [87.280904, 23.5066882], [87.2806529, 23.5054904], [87.2814241, 23.5052049], [87.2821271, 23.5045031], [87.2819746, 23.5038504], [87.2823922, 23.5037305], [87.2825626, 23.5042972], [87.2826128, 23.5044132], [87.2828388, 23.5049359], [87.2861217, 23.5044199], [87.2866012, 23.5046446], [87.2873189, 23.5046474], [87.2887918, 23.5035767], [87.2902178, 23.5067343], [87.2904961, 23.5090308], [87.2796689, 23.5146351], [87.2753042, 23.5168943], [87.2740701, 23.5175331], [87.2731142, 23.5180279], [87.2680503, 23.5206489]]]}, "id": "way/117922389"}, {"type": "Feature", "properties": {"@id": "way/117943130", "landuse": "industrial", "coal_industrial_zone": "Raniganj_Coalfield_WB", "centroid_lon": 87.11921339125315, "centroid_lat": 23.599618146013476, "area_sqkm": 0.10848122611411953}, "geometry": {"type": "Polygon", "coordinates": [[[87.1199006, 23.5975123], [87.1208336, 23.597652], [87.1207887, 23.5982932], [87.1204927, 23.5999208], [87.1200262, 23.6004962], [87.1196674, 23.6010223], [87.1196046, 23.6015649], [87.1188242, 23.6019101], [87.1185461, 23.6016964], [87.1180707, 23.6006853], [87.1173889, 23.6003565], [87.1177567, 23.59877], [87.1184923, 23.5987782], [87.1199006, 23.5975123]]]}, "id": "way/117943130"}, {"type": "Feature", "properties": {"@id": "way/117943131", "landuse": "industrial", "coal_industrial_zone": "Raniganj_Coalfield_WB", "centroid_lon": 87.17593929716425, "centroid_lat": 23.583907965816188, "area_sqkm": 0.09277908411069731}, "geometry": {"type": "Polygon", "coordinates": [[[87.1733455, 23.5878728], [87.1739339, 23.5860576], [87.1742641, 23.5853276], [87.1746444, 23.5844265], [87.1759434, 23.5825323], [87.1763739, 23.581993], [87.1767576, 23.5816537], [87.1773069, 23.5819404], [87.177881, 23.5818089], [87.1790653, 23.5813754], [87.1793234, 23.581263], [87.1779169, 23.5826639], [87.1768763, 23.5835912], [87.1763237, 23.584295], [87.1761156, 23.5842358], [87.1753477, 23.5848277], [87.1736541, 23.5879715], [87.1733455, 23.5878728]]]}, "id": "way/117943131"}, {"type": "Feature", "properties": {"@id": "way/118649859", "landuse": "industrial", "name": "Durgapur Projects Limited Power Station", "name:en": "Durgapur Projects Limited Power Station", "plant:method": "combustion", "plant:output:electricity": "550 MW", "plant:source": "coal", "power": "plant", "wikidata": "Q118983764", "coal_industrial_zone": null, "centroid_lon": 87.3046034868472, "centroid_lat": 23.51767376173177, "area_sqkm": 3.0622661203628723}, "geometry": {"type": "Polygon", "coordinates": [[[87.2968761, 23.5081438], [87.2969956, 23.5080335], [87.2970717, 23.5079568], [87.2974551, 23.5082854], [87.297798, 23.5085793], [87.2983958, 23.5087048], [87.2984125, 23.5088893], [87.2985913, 23.5089328], [87.2993707, 23.5089482], [87.2993846, 23.5088893], [87.3007339, 23.5089328], [87.3010075, 23.5087151], [87.3019155, 23.5079927], [87.3022965, 23.5081179], [87.3029603, 23.5076282], [87.3030452, 23.5077368], [87.3033111, 23.5074745], [87.3036285, 23.5065482], [87.3040107, 23.5065828], [87.3039356, 23.5071811], [87.3039806, 23.5071896], [87.3040256, 23.5071982], [87.3045201, 23.5081793], [87.3050648, 23.5081946], [87.305224, 23.5083048], [87.3055453, 23.5081998], [87.3056849, 23.5080512], [87.3058916, 23.5080205], [87.3059252, 23.5080768], [87.3063079, 23.5078873], [87.306576, 23.5073596], [87.306604, 23.5070009], [87.3068067, 23.5069561], [87.307133, 23.5068557], [87.3070883, 23.5067717], [87.3073542, 23.5066897], [87.3074146, 23.5067799], [87.3077743, 23.5065852], [87.308123, 23.5064602], [87.308409, 23.5061815], [87.3086906, 23.5061651], [87.3088716, 23.5061221], [87.309466, 23.5071549], [87.3101231, 23.5083742], [87.3102236, 23.5086755], [87.310275, 23.5092308], [87.3103018, 23.5097165], [87.3102706, 23.5108579], [87.3102918, 23.5124886], [87.3104231, 23.5140613], [87.3106354, 23.5156136], [87.3110125, 23.5167227], [87.3111186, 23.5171658], [87.3110935, 23.5179163], [87.3110041, 23.5193609], [87.3105935, 23.5195786], [87.3104719, 23.519572], [87.3104743, 23.5196314], [87.3104773, 23.5197048], [87.3106346, 23.519672], [87.3110512, 23.5197819], [87.3111316, 23.5206359], [87.3111548, 23.5219162], [87.3112031, 23.5234767], [87.3112156, 23.5238423], [87.3110386, 23.5238587], [87.3110261, 23.5243504], [87.3106578, 23.524357], [87.3106435, 23.5240718], [87.3101966, 23.5241111], [87.3102163, 23.5246488], [87.3100768, 23.5246816], [87.3100679, 23.5248045], [87.3097514, 23.5248176], [87.3097765, 23.5250504], [87.3098676, 23.5256552], [87.3097532, 23.5257749], [87.3098319, 23.5261585], [87.3104093, 23.5271043], [87.309207, 23.5276534], [87.3082544, 23.5281698], [87.3074666, 23.5287316], [87.3057431, 23.5296715], [87.3044471, 23.530398], [87.3041307, 23.5298784], [87.3041843, 23.5295997], [87.304086, 23.529585], [87.3038161, 23.5291637], [87.3037678, 23.5291932], [87.3034701, 23.5287184], [87.3037913, 23.5284111], [87.303255, 23.5277247], [87.3030008, 23.5276453], [87.3026851, 23.5273354], [87.3024086, 23.5273097], [87.3014057, 23.525942], [87.2998442, 23.5237624], [87.2998582, 23.5236139], [87.2995397, 23.5236011], [87.2995258, 23.5236933], [87.2979698, 23.5235703], [87.2973385, 23.5235293], [87.2973776, 23.5210756], [87.2973944, 23.5191725], [87.2974083, 23.5182504], [87.2981989, 23.5182863], [87.2982939, 23.5165676], [87.2987213, 23.5153432], [87.2983721, 23.5138883], [87.2981682, 23.5127945], [87.2973832, 23.512687], [87.2971374, 23.512459], [87.2973106, 23.5114062], [87.2973385, 23.5108862], [87.2978525, 23.5096695], [87.2978944, 23.5095926], [87.297805, 23.5095491], [87.2977436, 23.5094389], [87.2979307, 23.5092981], [87.2978078, 23.5090752], [87.2975871, 23.5087883], [87.2972771, 23.5084143], [87.2970312, 23.5082171], [87.2968761, 23.5081438]]]}, "id": "way/118649859"}, {"type": "Feature", "properties": {"@id": "way/118746349", "landuse": "industrial", "name": "Mejia Thermal Power Station", "operator": "Damodar Valley Corporation", "plant:method": "combustion", "plant:output:electricity": "2340 MW", "plant:source": "coal", "power": "plant", "wikidata": "Q6810485", "coal_industrial_zone": "Raniganj_Coalfield_WB", "centroid_lon": 87.1355732825998, "centroid_lat": 23.461681470979915, "area_sqkm": 5.152373953779627}, "geometry": {"type": "Polygon", "coordinates": [[[87.124309, 23.4670942], [87.1242902, 23.4666956], [87.1241905, 23.4661545], [87.1240322, 23.4656255], [87.1235224, 23.4646103], [87.1238866, 23.4642869], [87.1232929, 23.4636795], [87.1226421, 23.4617523], [87.1226627, 23.4602273], [87.1226901, 23.4597644], [87.1225508, 23.4591778], [87.1222641, 23.4579957], [87.1221491, 23.4578549], [87.1221363, 23.4573237], [87.1223171, 23.4559042], [87.1224907, 23.4545065], [87.122498, 23.4541395], [87.1223975, 23.4537742], [87.1218677, 23.4518586], [87.1206693, 23.4497754], [87.1235162, 23.4490065], [87.1269387, 23.4480743], [87.1274941, 23.4479195], [87.1287323, 23.450337], [87.1290207, 23.450905], [87.128886, 23.4514245], [87.1291326, 23.4535969], [87.1292627, 23.454238], [87.1303406, 23.4543972], [87.1305666, 23.4548161], [87.1304045, 23.4549481], [87.1306032, 23.4551848], [87.1313019, 23.4550193], [87.1317244, 23.4547638], [87.1322291, 23.4553587], [87.1333389, 23.4557232], [87.1334576, 23.4558007], [87.1358051, 23.4557986], [87.1388011, 23.4558028], [87.1416715, 23.4557944], [87.1463557, 23.4557858], [87.1467359, 23.4570878], [87.1473776, 23.4583127], [87.1484023, 23.4607348], [87.1492068, 23.4621566], [87.1499485, 23.46441], [87.1499973, 23.4647464], [87.1498219, 23.4648033], [87.149842, 23.4648502], [87.1496264, 23.464929], [87.1495314, 23.4652089], [87.1494949, 23.4654904], [87.1495588, 23.4656663], [87.149546, 23.4659093], [87.1496118, 23.4660082], [87.1499333, 23.4659914], [87.1499553, 23.465906], [87.1502037, 23.4658808], [87.150264, 23.4659562], [87.1503042, 23.4659613], [87.1503115, 23.4661255], [87.1501178, 23.4661255], [87.1499205, 23.4663886], [87.1498953, 23.4665545], [87.1499519, 23.4666684], [87.1499373, 23.4669684], [87.1508818, 23.466965], [87.1516323, 23.4689062], [87.1519761, 23.4694991], [87.1518387, 23.4695941], [87.1523649, 23.4706668], [87.1521779, 23.4707164], [87.1522553, 23.4708732], [87.152061, 23.4709322], [87.1526068, 23.4722437], [87.1524241, 23.4722889], [87.1524497, 23.4726123], [87.1518158, 23.4728], [87.1518815, 23.4729944], [87.1515582, 23.4729726], [87.1510174, 23.4728167], [87.1489075, 23.4719454], [87.1470167, 23.4711796], [87.1452154, 23.4704607], [87.1445614, 23.4702479], [87.1428387, 23.4697368], [87.1412676, 23.4692258], [87.1385694, 23.4694486], [87.1362694, 23.4696145], [87.134059, 23.4698005], [87.1329592, 23.4698575], [87.132128, 23.469958], [87.132002, 23.4698223], [87.1312858, 23.469829], [87.1309241, 23.4698257], [87.1305935, 23.4697368], [87.1303651, 23.4697871], [87.1299522, 23.4693213], [87.1291667, 23.4684633], [87.1289256, 23.468212], [87.128341, 23.4677578], [87.1272157, 23.4673707], [87.1270655, 23.4673232], [87.1269816, 23.4673251], [87.1266968, 23.4673145], [87.1264849, 23.4673733], [87.125667, 23.4677193], [87.1250781, 23.4682486], [87.1248168, 23.4687256], [87.124465, 23.4686491], [87.124309, 23.4670942]]]}, "id": "way/118746349"}, {"type": "Feature", "properties": {"@id": "way/134530447", "landuse": "industrial", "name": "Bokaro Thermal Power Station", "operator": "Damodar Valley Corporation", "plant:method": "combustion", "plant:output:electricity": "500 MW", "plant:source": "coal", "power": "plant", "source": "https://www.dvc.gov.in/dvcwebsite_new1/generating-units/", "wikidata": "Q4938735", "coal_industrial_zone": "Dhanbad_Bokaro_JH", "centroid_lon": 85.88104521246734, "centroid_lat": 23.783853493425216, "area_sqkm": 0.7902929780242963}, "geometry": {"type": "Polygon", "coordinates": [[[85.8735933, 23.7845734], [85.8741802, 23.7826208], [85.8760095, 23.7816556], [85.8774516, 23.7815578], [85.8805894, 23.78168], [85.8813557, 23.7809698], [85.8817931, 23.7803627], [85.8821751, 23.780125], [85.8832333, 23.780012], [85.8843497, 23.7799518], [85.886604, 23.7813782], [85.885111, 23.782914], [85.8865046, 23.7856877], [85.8884525, 23.7874163], [85.8883707, 23.7877412], [85.8734675, 23.7851495], [85.8735933, 23.7845734]]]}, "id": "way/134530447"}, {"type": "Feature", "properties": {"@id": "way/134530451", "landuse": "industrial", "coal_industrial_zone": "Dhanbad_Bokaro_JH", "centroid_lon": 85.87094383904028, "centroid_lat": 23.752795118096635, "area_sqkm": 0.2988714702979476}, "geometry": {"type": "Polygon", "coordinates": [[[85.8679203, 23.7551993], [85.867601, 23.7544037], [85.869132, 23.7521793], [85.8694281, 23.7515136], [85.8687363, 23.749825], [85.8711043, 23.7495923], [85.8712888, 23.7498662], [85.8712952, 23.7503533], [85.8714949, 23.7511786], [85.87229, 23.7515546], [85.8731883, 23.7516316], [85.8754417, 23.751059], [85.8755481, 23.7520007], [85.8724792, 23.7538517], [85.8710956, 23.7554591], [85.8696232, 23.7557351], [85.8679203, 23.7551993]]]}, "id": "way/134530451"}, {"type": "Feature", "properties": {"@id": "way/134530464", "landuse": "industrial", "coal_industrial_zone": "Dhanbad_Bokaro_JH", "centroid_lon": 86.0614537420302, "centroid_lat": 23.697810184608304, "area_sqkm": 0.5737173472881005}, "geometry": {"type": "Polygon", "coordinates": [[[86.0613296, 23.6995353], [86.056663, 23.6977615], [86.0585079, 23.6931123], [86.0636765, 23.6949726], [86.0629097, 23.6969879], [86.06537, 23.697904], [86.0660303, 23.6961208], [86.0665082, 23.6963181], [86.0638561, 23.7029906], [86.0604494, 23.7018193], [86.0613296, 23.6995353]]]}, "id": "way/134530464"}, {"type": "Feature", "properties": {"@id": "way/134530468", "landuse": "industrial", "coal_industrial_zone": "Dhanbad_Bokaro_JH", "centroid_lon": 86.05847227847087, "centroid_lat": 23.754040354799013, "area_sqkm": 0.05293812373841103}, "geometry": {"type": "Polygon", "coordinates": [[[86.058051, 23.7557034], [86.0576584, 23.7534687], [86.0577688, 23.7524918], [86.0587749, 23.7522222], [86.0594374, 23.7554676], [86.058051, 23.7557034]]]}, "id": "way/134530468"}, {"type": "Feature", "properties": {"@id": "way/134530469", "landuse": "industrial", "coal_industrial_zone": "Dhanbad_Bokaro_JH", "centroid_lon": 85.9776115342441, "centroid_lat": 23.77217642424341, "area_sqkm": 0.2308645573053871}, "geometry": {"type": "Polygon", "coordinates": [[[85.9738097, 23.7713516], [85.9751227, 23.7714892], [85.9772953, 23.7705268], [85.9793553, 23.7697436], [85.980362, 23.7717201], [85.9808532, 23.7733323], [85.9796116, 23.773998], [85.977534, 23.773465], [85.9748712, 23.7739818], [85.9738097, 23.7713516]]]}, "id": "way/134530469"}, {"type": "Feature", "properties": {"@id": "way/136512814", "industrial": "aluminium_smelting", "landuse": "industrial", "name": "Bharat Aluminium", "name:ur": "\u0628\u06be\u0627\u0631\u062a \u0627\u06cc\u0644\u0648\u0645\u06cc\u0646\u06cc\u0645", "coal_industrial_zone": "Korba_Industrial_CG", "centroid_lon": 82.73402636511108, "centroid_lat": 22.394089158862524, "area_sqkm": 3.864877781485527}, "geometry": {"type": "Polygon", "coordinates": [[[82.7242827, 22.3980545], [82.7239609, 22.393184], [82.723698, 22.3927872], [82.7234781, 22.3925144], [82.723124, 22.3923854], [82.7230006, 22.3922267], [82.723006, 22.3917357], [82.7231096, 22.390299], [82.7243868, 22.3829457], [82.7265843, 22.3834776], [82.7281829, 22.3841876], [82.7304033, 22.3855024], [82.7307282, 22.3879083], [82.7383404, 22.3894032], [82.7412879, 22.3881726], [82.7459731, 22.3892256], [82.7479241, 22.3920073], [82.7406705, 22.4026749], [82.7374873, 22.4031406], [82.7368569, 22.4032621], [82.7364653, 22.4032497], [82.7358565, 22.4031357], [82.7339306, 22.4026868], [82.7297169, 22.4015361], [82.7259752, 22.40046], [82.7254119, 22.4001053], [82.7248379, 22.3994085], [82.7246207, 22.3988481], [82.7242827, 22.3980545]]]}, "id": "way/136512814"}, {"type": "Feature", "properties": {"@id": "way/136512828", "landuse": "industrial", "coal_industrial_zone": "Korba_Industrial_CG", "centroid_lon": 82.71680861016192, "centroid_lat": 22.343837327067867, "area_sqkm": 0.2302525859879281}, "geometry": {"type": "Polygon", "coordinates": [[[82.7126808, 22.3415521], [82.7145062, 22.3414328], [82.7163603, 22.3412733], [82.7192921, 22.344358], [82.720485, 22.3451291], [82.7181706, 22.347083], [82.7126808, 22.3415521]]]}, "id": "way/136512828"}, {"type": "Feature", "properties": {"@id": "way/149822701", "landuse": "industrial", "name": "Tenughat Thermal Power Plant", "operator": "Tenughat Vidyut Nigam Limited", "plant:method": "combustion", "plant:output:electricity": "420 MW", "plant:source": "coal", "power": "plant", "wikidata": "Q18388595", "coal_industrial_zone": "Dhanbad_Bokaro_JH", "centroid_lon": 85.76295188190332, "centroid_lat": 23.72858614375854, "area_sqkm": 1.8577649274959518}, "geometry": {"type": "Polygon", "coordinates": [[[85.7579636, 23.7241813], [85.7607668, 23.7234229], [85.7642531, 23.7224406], [85.7642487, 23.722597], [85.7645124, 23.7226207], [85.7645492, 23.7223476], [85.7650485, 23.722215], [85.7654549, 23.7223991], [85.7658786, 23.7222705], [85.7657943, 23.7220053], [85.7665378, 23.7218113], [85.766741, 23.7224921], [85.7690496, 23.7218351], [85.76951, 23.7216827], [85.769657, 23.7219598], [85.7699445, 23.7234637], [85.7698212, 23.7238833], [85.7699963, 23.7247184], [85.7701541, 23.7253259], [85.7704589, 23.7264123], [85.7708264, 23.727469], [85.7695554, 23.727837], [85.7700677, 23.7297051], [85.770193, 23.7301206], [85.7699445, 23.7302057], [85.7704286, 23.7315354], [85.7695236, 23.7317971], [85.768868, 23.7319866], [85.7690042, 23.7325783], [85.7678304, 23.7331897], [85.7677872, 23.7336508], [85.7653727, 23.7343532], [85.7649722, 23.7336335], [85.7645129, 23.7328084], [85.7628637, 23.732842], [85.7614306, 23.7332734], [85.7588259, 23.7340332], [85.7576067, 23.734374], [85.7575451, 23.7343593], [85.7575073, 23.7343503], [85.7574209, 23.7344314], [85.7568286, 23.7345867], [85.756928, 23.7348786], [85.7561932, 23.735296], [85.7557676, 23.7349429], [85.7551401, 23.734428], [85.7543047, 23.7337295], [85.7542906, 23.7336573], [85.7542382, 23.7336495], [85.7541966, 23.7336434], [85.7536314, 23.7331675], [85.7533212, 23.7329142], [85.7540068, 23.7318117], [85.7545296, 23.7309624], [85.7554978, 23.7295153], [85.7583589, 23.7254196], [85.7579636, 23.7241813]]]}, "id": "way/149822701"}, {"type": "Feature", "properties": {"@id": "way/150259425", "landuse": "industrial", "coal_industrial_zone": "Rourkela_OD", "centroid_lon": 84.84860469079075, "centroid_lat": 22.22935884549031, "area_sqkm": 0.07448232358299758}, "geometry": {"type": "Polygon", "coordinates": [[[84.8477736, 22.2283366], [84.8499033, 22.2283827], [84.8502445, 22.2284382], [84.8510469, 22.228426], [84.8509738, 22.2286985], [84.8505726, 22.2288807], [84.8505238, 22.2293423], [84.8496052, 22.22941], [84.8496552, 22.2299646], [84.8492006, 22.2300757], [84.849209, 22.2301243], [84.8489223, 22.2302189], [84.8472222, 22.2307683], [84.84721, 22.2307362], [84.8471622, 22.2307475], [84.8466734, 22.2292422], [84.8478598, 22.2288618], [84.8477736, 22.2283366]]]}, "id": "way/150259425"}, {"type": "Feature", "properties": {"@id": "way/150822820", "landuse": "industrial", "coal_industrial_zone": "Rourkela_OD", "centroid_lon": 84.82514302785184, "centroid_lat": 22.231443978224803, "area_sqkm": 0.16268547072109096}, "geometry": {"type": "Polygon", "coordinates": [[[84.8236794, 22.2337069], [84.8236596, 22.229211], [84.826588, 22.2291927], [84.8266552, 22.233641], [84.8236794, 22.2337069]]]}, "id": "way/150822820"}, {"type": "Feature", "properties": {"@id": "way/150822821", "landuse": "industrial", "coal_industrial_zone": "Rourkela_OD", "centroid_lon": 84.81145353307606, "centroid_lat": 22.23428445752748, "area_sqkm": 0.1774899652837293}, "geometry": {"type": "Polygon", "coordinates": [[[84.8116433, 22.2319483], [84.8137181, 22.2322922], [84.8135087, 22.2356613], [84.8113549, 22.2357418], [84.8099875, 22.2358698], [84.8098215, 22.2362502], [84.8082249, 22.2362466], [84.8080115, 22.23606], [84.8116433, 22.2319483]]]}, "id": "way/150822821"}, {"type": "Feature", "properties": {"@id": "way/150890730", "landuse": "industrial", "coal_industrial_zone": "Rourkela_OD", "centroid_lon": 84.84296824350285, "centroid_lat": 22.198820475789205, "area_sqkm": 0.11390168588672152}, "geometry": {"type": "Polygon", "coordinates": [[[84.840423, 22.1986488], [84.8412928, 22.1969993], [84.8419797, 22.1973985], [84.8420865, 22.1972536], [84.842274, 22.1973351], [84.8422628, 22.1973577], [84.8454609, 22.1988186], [84.8451719, 22.1993783], [84.8444772, 22.2006916], [84.8418524, 22.1994986], [84.8419399, 22.1993562], [84.840423, 22.1986488]]]}, "id": "way/150890730"}, {"type": "Feature", "properties": {"@id": "way/150908963", "landuse": "industrial", "coal_industrial_zone": "Rourkela_OD", "centroid_lon": 84.88574349280304, "centroid_lat": 22.137829648258663, "area_sqkm": 0.4119467029929996}, "geometry": {"type": "Polygon", "coordinates": [[[84.8835001, 22.1399763], [84.8825315, 22.1386109], [84.8833175, 22.1377087], [84.8834631, 22.1373434], [84.8835927, 22.1360123], [84.8835627, 22.1353983], [84.8840265, 22.1353398], [84.8838749, 22.1342049], [84.8846143, 22.1338066], [84.8852578, 22.1333796], [84.8850691, 22.1326489], [84.8854372, 22.1324139], [84.8856105, 22.1324597], [84.8857559, 22.1326689], [84.8863375, 22.1326661], [84.8864891, 22.1322907], [84.8867521, 22.1320499], [84.8871481, 22.1307546], [84.8872563, 22.1309094], [84.8866902, 22.1332421], [84.8865015, 22.1340043], [84.886396, 22.1351838], [84.8865569, 22.1360089], [84.8867628, 22.136529], [84.8869183, 22.136981], [84.8870057, 22.1371494], [84.8871697, 22.1373257], [84.8874775, 22.1376108], [84.8882149, 22.1382144], [84.8885371, 22.1385109], [84.8885072, 22.1385325], [84.8884788, 22.138553], [84.8886941, 22.1387616], [84.8886821, 22.1390565], [84.8889864, 22.1394708], [84.8887959, 22.1407798], [84.8880866, 22.1407847], [84.8878325, 22.141324], [84.8877558, 22.1413633], [84.8871179, 22.1424615], [84.8856835, 22.1415005], [84.8836509, 22.1401743], [84.8835001, 22.1399763]]]}, "id": "way/150908963"}, {"type": "Feature", "properties": {"@id": "way/151113257", "landuse": "industrial", "name": "Talcher Super Thermal Powerstation", "operator": "NTPC", "operator:wikidata": "Q1967805", "plant:method": "combustion", "plant:output:electricity": "3 GW", "plant:source": "coal", "power": "plant", "wikidata": "Q7679080", "coal_industrial_zone": "Talcher_Angul_OD", "centroid_lon": 85.07495481021138, "centroid_lat": 21.09483755412672, "area_sqkm": 3.6771220887421947}, "geometry": {"type": "Polygon", "coordinates": [[[85.069009, 21.0866511], [85.0693088, 21.0863124], [85.0695635, 21.0860904], [85.0702048, 21.0856325], [85.0705228, 21.0862153], [85.0713817, 21.08591], [85.0716271, 21.0863835], [85.0725436, 21.0863887], [85.0725548, 21.0864391], [85.0728057, 21.086413], [85.0731199, 21.0864286], [85.0731013, 21.0866576], [85.0746479, 21.0866826], [85.0762918, 21.0867042], [85.0764095, 21.0867058], [85.0765093, 21.0867071], [85.0765119, 21.0855615], [85.0765646, 21.0834408], [85.076613, 21.0834044], [85.0766228, 21.0832656], [85.0769041, 21.0830963], [85.0769094, 21.0830325], [85.0781871, 21.0822082], [85.0785, 21.082088], [85.0793598, 21.0818452], [85.0799224, 21.0817495], [85.0808768, 21.0856966], [85.0812974, 21.0876984], [85.0817129, 21.0896461], [85.0820836, 21.0914147], [85.0833929, 21.0925579], [85.0839476, 21.0951335], [85.084108, 21.0960411], [85.0841659, 21.0972553], [85.0836663, 21.0991146], [85.0834586, 21.0995046], [85.0829144, 21.1004539], [85.0828933, 21.1008954], [85.0828723, 21.1016901], [85.0829591, 21.1020482], [85.0821283, 21.1021954], [85.0786026, 21.1028503], [85.0788795, 21.1040052], [85.0788046, 21.1041942], [85.0787837, 21.104247], [85.0786243, 21.1046492], [85.0786764, 21.1048955], [85.0777338, 21.1050568], [85.0777227, 21.1049753], [85.0769605, 21.1051609], [85.0769772, 21.1055632], [85.0750437, 21.1061616], [85.0730489, 21.1067756], [85.0719465, 21.1071172], [85.0717643, 21.1066732], [85.0721547, 21.1065605], [85.0719743, 21.1062518], [85.0723424, 21.1060784], [85.0724763, 21.1057904], [85.0722904, 21.1050811], [85.0721491, 21.1044185], [85.0720357, 21.1040509], [85.0716546, 21.1027275], [85.0711954, 21.1010833], [85.0707697, 21.1011717], [85.0706544, 21.1006895], [85.0703179, 21.1007277], [85.0702584, 21.1005039], [85.0701171, 21.10053], [85.0700334, 21.1003513], [85.0697713, 21.1003825], [85.0694832, 21.1003964], [85.0688827, 21.1003825], [85.068838, 21.1010711], [85.0680777, 21.1010295], [85.0681223, 21.1006496], [85.0677709, 21.1006514], [85.0677486, 21.1006965], [85.0672913, 21.1006479], [85.0674084, 21.1010191], [85.0668804, 21.1011336], [85.066239, 21.1012723], [85.0661665, 21.1012324], [85.0660141, 21.1004658], [85.0657241, 21.0990539], [85.0653783, 21.097479], [85.0654638, 21.0974634], [85.0652853, 21.0965667], [85.0652109, 21.0965788], [85.0651998, 21.096395], [85.0651738, 21.0963967], [85.0649358, 21.0952589], [85.0646179, 21.0937169], [85.0648131, 21.0935677], [85.0645454, 21.0933249], [85.0643879, 21.0925921], [85.0642498, 21.0919494], [85.066074, 21.0916357], [85.066228, 21.092222], [85.0674263, 21.0919779], [85.0677728, 21.0914516], [85.0676278, 21.0905652], [85.0675664, 21.0899113], [85.0675553, 21.0896286], [85.0677736, 21.0896585], [85.0683414, 21.0875267], [85.069009, 21.0866511]]]}, "id": "way/151113257"}, {"type": "Feature", "properties": {"@id": "way/158553730", "landuse": "industrial", "coal_industrial_zone": "Singareni_Coalfield_TS", "centroid_lon": 80.47687585795565, "centroid_lat": 18.269962990229, "area_sqkm": 1.1210403129368436}, "geometry": {"type": "Polygon", "coordinates": [[[80.4700543, 18.269601], [80.471256, 18.2684231], [80.4731184, 18.2671208], [80.4739184, 18.2662785], [80.4741162, 18.2660261], [80.4740018, 18.2647809], [80.4740195, 18.2644353], [80.4742565, 18.2638896], [80.4745359, 18.2630802], [80.4755536, 18.2629993], [80.4756782, 18.2643936], [80.475763, 18.2649345], [80.4764688, 18.2650419], [80.4769637, 18.2647639], [80.4773916, 18.2643148], [80.4778634, 18.2642943], [80.4789769, 18.2646888], [80.4795095, 18.2653191], [80.4806214, 18.267065], [80.4807694, 18.2673381], [80.4804766, 18.2677809], [80.4803435, 18.2693281], [80.4804537, 18.2696695], [80.4809329, 18.2697563], [80.4815662, 18.2698115], [80.4824709, 18.2702881], [80.482631, 18.2704187], [80.4827611, 18.2705991], [80.4828801, 18.2707617], [80.4829167, 18.270974], [80.4828047, 18.2711731], [80.4826852, 18.2713296], [80.4827274, 18.2715732], [80.4829044, 18.2717635], [80.484083, 18.2720107], [80.4839583, 18.2722857], [80.4840428, 18.2723972], [80.4837987, 18.2727493], [80.4837075, 18.272706], [80.4837839, 18.2726092], [80.4828733, 18.2728575], [80.4830503, 18.2733988], [80.4825295, 18.2735516], [80.482412, 18.2731797], [80.4819721, 18.2732918], [80.4818648, 18.2729148], [80.4807115, 18.2732867], [80.4808402, 18.2738317], [80.4794079, 18.2742138], [80.4797566, 18.2751256], [80.4774338, 18.2757368], [80.4773426, 18.2754057], [80.4756358, 18.2758858], [80.4754165, 18.2748617], [80.4700543, 18.269601]]]}, "id": "way/158553730"}, {"type": "Feature", "properties": {"@id": "way/203011165", "addr:city": "Korba", "addr:country": "IN", "addr:postcode": "495674", "addr:street": "Village-Pathadi, P.O-Tilkeja", "landuse": "industrial", "name": "Lanco Amarkantak", "note": "Electric output will increase to 1920 MW", "operator": "Lanco", "plant:method": "combustion", "plant:output:electricity": "600 MW", "plant:source": "coal", "power": "plant", "source": "http://www.lancogroup.com/DynTestform.aspx?pageid=20", "wikidata": "Q11957667", "coal_industrial_zone": "Korba_Industrial_CG", "centroid_lon": 82.72162815020314, "centroid_lat": 22.24209820253821, "area_sqkm": 2.6844898159002626}, "geometry": {"type": "Polygon", "coordinates": [[[82.7268872, 22.23987], [82.7270298, 22.2404725], [82.7273463, 22.2417794], [82.7282622, 22.2455029], [82.7333074, 22.245179], [82.733388, 22.2462422], [82.7336181, 22.2495204], [82.7335988, 22.2501675], [82.7307598, 22.250633], [82.7291847, 22.2508177], [82.7222121, 22.2516204], [82.7221152, 22.2506327], [82.7216866, 22.2460268], [82.7216162, 22.2439601], [82.721486, 22.2431204], [82.7174059, 22.2433109], [82.7107127, 22.2434711], [82.710279, 22.2357975], [82.7107029, 22.2353549], [82.7124903, 22.2347316], [82.713968, 22.2349127], [82.7147395, 22.234757], [82.7152176, 22.234752], [82.7161466, 22.234737], [82.7165486, 22.234908], [82.7169071, 22.2348779], [82.7171082, 22.2347019], [82.7174668, 22.2346114], [82.7185697, 22.2345008], [82.7194715, 22.2342094], [82.7207808, 22.2343503], [82.7208081, 22.2333797], [82.7211558, 22.2332791], [82.7219, 22.233933], [82.7222748, 22.2346219], [82.723057, 22.2347881], [82.7230897, 22.2345568], [82.7232636, 22.2345568], [82.7232581, 22.2348032], [82.7237416, 22.2348485], [82.7237634, 22.2346021], [82.7241111, 22.2344915], [82.7241816, 22.2348234], [82.7246054, 22.2347932], [82.7246326, 22.2349592], [82.7250209, 22.2349251], [82.7250887, 22.2354855], [82.7254267, 22.2354445], [82.7256668, 22.2357114], [82.725766, 22.2361384], [82.7256533, 22.2361533], [82.7257687, 22.2366685], [82.7258465, 22.2366586], [82.7258827, 22.2369913], [82.7257633, 22.2370397], [82.7258827, 22.2372755], [82.7259323, 22.2372561], [82.7261831, 22.2378615], [82.7263199, 22.2378317], [82.7264808, 22.2381333], [82.7265774, 22.2381246], [82.7265653, 22.2383108], [82.7265988, 22.2386261], [82.7267115, 22.2390407], [82.726741, 22.239042], [82.726749, 22.2391636], [82.7271581, 22.2391959], [82.7271608, 22.239294], [82.7275108, 22.2392766], [82.7275684, 22.2394206], [82.7276596, 22.2393945], [82.7276972, 22.2394318], [82.7274464, 22.2396155], [82.7270602, 22.2396763], [82.7270468, 22.2398141], [82.7268872, 22.23987]]]}, "id": "way/203011165"}, {"type": "Feature", "properties": {"@id": "way/203167965", "alt_name": "Korba West Thermal Power Station", "landuse": "industrial", "name": "Hasdeo Thermal Power Station Korba West", "plant:method": "combustion", "plant:output:electricity": "1340 MW", "plant:source": "coal", "power": "plant", "wikidata": "Q15223227", "coal_industrial_zone": "Korba_Industrial_CG", "centroid_lon": 82.68183770455568, "centroid_lat": 22.41363125429538, "area_sqkm": 2.3001362326052828}, "geometry": {"type": "Polygon", "coordinates": [[[82.6671335, 22.4170967], [82.6676166, 22.4167826], [82.6688621, 22.4155891], [82.6692108, 22.4152314], [82.6694828, 22.4147036], [82.6697857, 22.413563], [82.669985, 22.4131627], [82.6702609, 22.4128298], [82.6721539, 22.4111792], [82.6724298, 22.410988], [82.6727287, 22.4108641], [82.6755681, 22.4102054], [82.6785263, 22.4095326], [82.6787944, 22.4104855], [82.6811777, 22.4100394], [82.6840938, 22.4095261], [82.6845957, 22.4097067], [82.6848485, 22.4097386], [82.6852892, 22.4096785], [82.6861207, 22.4091648], [82.6866649, 22.4086796], [82.6875079, 22.4078756], [82.6889909, 22.4076313], [82.6893511, 22.4073443], [82.6898377, 22.4067741], [82.6913091, 22.4067848], [82.6914393, 22.4076067], [82.6920332, 22.408301], [82.6925428, 22.4083471], [82.6924353, 22.4100652], [82.6928489, 22.4119957], [82.6936689, 22.4123642], [82.6931247, 22.4135898], [82.6927643, 22.4134648], [82.6917717, 22.4155086], [82.6898519, 22.4161177], [82.689522, 22.4164243], [82.6893419, 22.4164952], [82.6883418, 22.4164915], [82.6880545, 22.4165872], [82.6880927, 22.4167714], [82.6881233, 22.4171681], [82.6880352, 22.4174267], [82.6878743, 22.4176215], [82.6874374, 22.417841], [82.6873302, 22.4176037], [82.6867554, 22.4176568], [82.6862801, 22.4188752], [82.6851648, 22.421808], [82.6846896, 22.421854], [82.6846284, 22.4212306], [82.6844866, 22.4207382], [82.6846592, 22.4203344], [82.6845634, 22.4201113], [82.6841611, 22.4198031], [82.6835059, 22.4192434], [82.6832224, 22.4189281], [82.6831228, 22.4186837], [82.6833796, 22.4177521], [82.6826315, 22.4174963], [82.6811223, 22.4175588], [82.6791119, 22.4174534], [82.6785782, 22.4173808], [82.6777328, 22.4173731], [82.6744083, 22.4172727], [82.670542, 22.4172022], [82.66945, 22.4186598], [82.6671335, 22.4170967]]]}, "id": "way/203167965"}, {"type": "Feature", "properties": {"@id": "way/203167967", "disused:power": "plant", "end_date": "2021", "landuse": "industrial", "name": "Korba East Thermal Power Station", "operator": "Chhattisgarh State Power Generation Company", "plant:method": "combustion", "plant:output:electricity": "240 MW", "plant:source": "coal", "wikidata": "Q16947069", "coal_industrial_zone": "Korba_Industrial_CG", "centroid_lon": 82.71958708895271, "centroid_lat": 22.38562892761873, "area_sqkm": 0.8366958497998653}, "geometry": {"type": "Polygon", "coordinates": [[[82.7187892, 22.3795679], [82.7200247, 22.3794327], [82.720946, 22.3789918], [82.721721, 22.3778645], [82.7216775, 22.3790821], [82.7212112, 22.3810763], [82.7215144, 22.3830305], [82.7223328, 22.38277], [82.7226469, 22.3839225], [82.721834, 22.3841279], [82.7219639, 22.3853554], [82.7233728, 22.3849498], [82.7228253, 22.3869288], [82.7224778, 22.392315], [82.7226078, 22.3924603], [82.7224399, 22.3927459], [82.7221039, 22.3927758], [82.7215078, 22.3922497], [82.7195897, 22.3911874], [82.7166854, 22.3894034], [82.7164578, 22.3889473], [82.7163604, 22.3884062], [82.7169351, 22.3864272], [82.7162523, 22.3862567], [82.7162741, 22.3852095], [82.715662, 22.3843327], [82.7168491, 22.3805899], [82.7183015, 22.3797432], [82.7187892, 22.3795679]]]}, "id": "way/203167967"}, {"type": "Feature", "properties": {"@id": "way/203167968", "landuse": "industrial", "name": "Dr. Shyama Prasad Mukherjee Thermal Power Station", "name:etymology:wikidata": "Q3344992", "operator": "Chhattisgarh State Power Generation Company", "plant:method": "combustion", "plant:output:electricity": "500 MW", "plant:source": "coal", "power": "plant", "wikidata": "Q15215012", "coal_industrial_zone": "Korba_Industrial_CG", "centroid_lon": 82.72063124214607, "centroid_lat": 22.37012686220803, "area_sqkm": 0.7178469867710622}, "geometry": {"type": "Polygon", "coordinates": [[[82.7146861, 22.3661874], [82.7159497, 22.3664683], [82.7159253, 22.366546], [82.7169177, 22.3667944], [82.7171563, 22.3660095], [82.7208657, 22.3669703], [82.7241792, 22.3678534], [82.7243582, 22.3679186], [82.7241547, 22.3686257], [82.7241166, 22.3690068], [82.723924, 22.3693579], [82.7241084, 22.3694181], [82.7249924, 22.3695185], [82.7249842, 22.3696213], [82.7253801, 22.3696915], [82.7250709, 22.370524], [82.7247238, 22.3707848], [82.7247291, 22.3711007], [82.725022, 22.3716649], [82.7256293, 22.3720962], [82.7257785, 22.3718354], [82.7264753, 22.3721414], [82.7257918, 22.3731443], [82.7253688, 22.3733725], [82.7249783, 22.3738639], [82.7246664, 22.3740143], [82.7243464, 22.3741472], [82.7240373, 22.3744606], [82.7237336, 22.3746687], [82.7236468, 22.3746963], [82.7234408, 22.3745056], [82.7231181, 22.3749194], [82.7226787, 22.3751424], [82.7223398, 22.3750069], [82.7223182, 22.3748063], [82.7222422, 22.3746935], [82.7218545, 22.3746158], [82.7216891, 22.374345], [82.721361, 22.3740065], [82.7205232, 22.3733569], [82.7200948, 22.3731262], [82.7181753, 22.3717067], [82.7169281, 22.3707713], [82.7165756, 22.3704278], [82.7163207, 22.3701268], [82.7161066, 22.3697958], [82.7149436, 22.3679326], [82.714827, 22.367742], [82.714827, 22.3676392], [82.713954, 22.3663251], [82.7146807, 22.3665309], [82.7147213, 22.366413], [82.7146183, 22.3663453], [82.7146861, 22.3661874]]]}, "id": "way/203167968"}, {"type": "Feature", "properties": {"@id": "way/203167969", "landuse": "industrial", "name": "Korba Super Thermal Power Plant", "operator": "NTPC", "operator:wikidata": "Q1967805", "plant:method": "combustion", "plant:output:electricity": "2600 MW", "plant:source": "coal", "power": "plant", "wikidata": "Q6431466", "coal_industrial_zone": "Korba_Industrial_CG", "centroid_lon": 82.68432832851701, "centroid_lat": 22.386995186019796, "area_sqkm": 2.370730747496928}, "geometry": {"type": "Polygon", "coordinates": [[[82.6753085, 22.3844936], [82.6756434, 22.3844098], [82.6755672, 22.3826104], [82.6767417, 22.3824916], [82.676714, 22.3811613], [82.6791292, 22.381049], [82.6791362, 22.3811807], [82.6820101, 22.3810525], [82.6862011, 22.3808857], [82.6861665, 22.3798092], [82.6873341, 22.3797419], [82.6874662, 22.379247], [82.6884322, 22.3797355], [82.6888978, 22.3801984], [82.6893635, 22.3807832], [82.6903328, 22.3820204], [82.6908402, 22.3828398], [82.6913682, 22.3839324], [82.6915871, 22.3841766], [82.6918026, 22.3846393], [82.6920978, 22.3854233], [82.692268, 22.3861882], [82.6922957, 22.3870011], [82.6923443, 22.3887394], [82.6923615, 22.3905034], [82.6923337, 22.3906159], [82.6923995, 22.3924827], [82.6925411, 22.3952497], [82.6906279, 22.3953221], [82.6905837, 22.3952312], [82.6901612, 22.3945314], [82.6896353, 22.3940224], [82.6891489, 22.3936657], [82.6886378, 22.3934589], [82.6870628, 22.3927976], [82.6868711, 22.3928044], [82.6850429, 22.3920886], [82.6846325, 22.392034], [82.6836681, 22.3921206], [82.6817489, 22.3922136], [82.6805498, 22.3922431], [82.6805424, 22.3921658], [82.6786733, 22.3921219], [82.6780947, 22.3919339], [82.6777524, 22.3918889], [82.677471, 22.3917331], [82.6768559, 22.3913683], [82.6765188, 22.3910887], [82.6760706, 22.3906004], [82.6758013, 22.3901761], [82.6755999, 22.3897343], [82.6754244, 22.3891126], [82.6755721, 22.3890724], [82.6754888, 22.3878996], [82.675291, 22.3858335], [82.6754856, 22.3858239], [82.6753327, 22.3849788], [82.6753085, 22.3844936]]]}, "id": "way/203167969"}, {"type": "Feature", "properties": {"@id": "way/206009237", "landuse": "industrial", "name": "Durgapur Steel Thermal Power Station", "operator": "Damodor Vally Corporation", "plant:method": "combustion", "plant:output:electricity": "1000 MW", "plant:source": "coal", "power": "plant", "source": "https://www.dvc.gov.in/dvcwebsite_new1/generating-units/;https://www.gem.wiki/Durgapur_Steel_City_Andal_power_station", "wikidata": "Q16935528", "coal_industrial_zone": "Raniganj_Coalfield_WB", "centroid_lon": 87.20978895366528, "centroid_lat": 23.57736069815242, "area_sqkm": 3.3402745653100707}, "geometry": {"type": "Polygon", "coordinates": [[[87.1950816, 23.5838064], [87.1957844, 23.5824728], [87.1965302, 23.5802673], [87.1967038, 23.5801168], [87.1974543, 23.5784014], [87.1980688, 23.577864], [87.2000344, 23.5770213], [87.2009164, 23.5756057], [87.2006053, 23.5752861], [87.1991488, 23.5747822], [87.1992829, 23.5744626], [87.2014448, 23.5749346], [87.2018364, 23.5752296], [87.2037458, 23.5745273], [87.2060904, 23.5735542], [87.2083488, 23.5725856], [87.210383, 23.5716189], [87.2132599, 23.5703227], [87.2139707, 23.5699342], [87.214475, 23.5696122], [87.2146941, 23.5693606], [87.2161084, 23.5686411], [87.2168881, 23.568299], [87.2184017, 23.5678863], [87.2191688, 23.5678839], [87.2200795, 23.5677767], [87.2218989, 23.5708283], [87.2220978, 23.5707332], [87.2225022, 23.5713517], [87.2234276, 23.5712146], [87.2243341, 23.5714861], [87.2246111, 23.5718757], [87.2255118, 23.5726884], [87.2246674, 23.5734967], [87.2247887, 23.5736478], [87.224902, 23.573789], [87.2247237, 23.5743609], [87.2243484, 23.5745027], [87.2235134, 23.5749671], [87.2231851, 23.5753239], [87.2236448, 23.5758528], [87.223293, 23.5761408], [87.2230256, 23.5761752], [87.222777, 23.5763128], [87.2226644, 23.5767685], [87.2228379, 23.576962], [87.2219512, 23.577405], [87.2216933, 23.5775338], [87.2210976, 23.5767857], [87.220394, 23.5772501], [87.2186911, 23.577809], [87.2181798, 23.5779251], [87.2179077, 23.5774048], [87.21757, 23.5770953], [87.217129, 23.5773661], [87.2168241, 23.5767126], [87.2158156, 23.5770609], [87.2154731, 23.5770179], [87.2148399, 23.5773919], [87.2148117, 23.5774693], [87.2145115, 23.5776628], [87.2147789, 23.5780497], [87.214474, 23.5782475], [87.2145584, 23.5784281], [87.2143801, 23.5791461], [87.2137703, 23.5797265], [87.2139251, 23.5802037], [87.2142723, 23.5806336], [87.2137422, 23.5809045], [87.2138641, 23.5810463], [87.212579, 23.581748], [87.2123302, 23.5820137], [87.2118423, 23.5821985], [87.2119925, 23.5823361], [87.2113123, 23.5831916], [87.2078644, 23.5848898], [87.2067843, 23.5854467], [87.2049091, 23.5862526], [87.204046, 23.5867599], [87.2036942, 23.5868846], [87.2030374, 23.5871769], [87.2015785, 23.5856378], [87.2010578, 23.5858356], [87.1991064, 23.583944], [87.1983746, 23.5842492], [87.1972675, 23.5846576], [87.196639, 23.5844083], [87.1960995, 23.5849156], [87.1950816, 23.5838064]]]}, "id": "way/206009237"}, {"type": "Feature", "properties": {"@id": "way/206501826", "landuse": "industrial", "name": "ACC", "name:kn": "\u0c8f\u0cb8\u0cc0\u0cb8\u0cc0", "coal_industrial_zone": "Bellary_Karnataka", "centroid_lon": 76.78037721353192, "centroid_lat": 15.217526542748876, "area_sqkm": 1.0977628708317775}, "geometry": {"type": "Polygon", "coordinates": [[[76.7835908, 15.2241749], [76.7831844, 15.2224214], [76.782774, 15.2225172], [76.7818916, 15.2203871], [76.7809367, 15.2172917], [76.7789934, 15.2177944], [76.7795459, 15.2194522], [76.7776108, 15.2199187], [76.7785795, 15.2227261], [76.7753684, 15.2228972], [76.7737694, 15.2171322], [76.7767125, 15.2165681], [76.7758228, 15.2136024], [76.7797258, 15.2129484], [76.7794852, 15.2105175], [76.7816656, 15.2093851], [76.787067, 15.2237059], [76.7835908, 15.2241749]]]}, "id": "way/206501826"}, {"type": "Feature", "properties": {"@id": "way/230335221", "construction:power": "plant", "landuse": "industrial", "name": "Angul Monnet Power Company Limited", "plant:method": "combustion", "plant:output:electricity": "1050 MW", "plant:source": "coal", "wikidata": "Q24949078", "wikipedia": "en:MPCL Thermal Power Station", "coal_industrial_zone": "Talcher_Angul_OD", "centroid_lon": 84.99148496702242, "centroid_lat": 20.924011811801662, "area_sqkm": 2.198865741446529}, "geometry": {"type": "Polygon", "coordinates": [[[84.9918169, 20.9188135], [84.9919094, 20.9178747], [84.9924186, 20.9177079], [84.9940782, 20.9174918], [84.9956452, 20.9173435], [84.9970535, 20.9174238], [84.9997248, 20.9179179], [84.9999364, 20.9179797], [84.9999297, 20.9183811], [84.9997777, 20.9195237], [84.9995661, 20.9198634], [84.998614, 20.9213704], [84.997966, 20.9225191], [84.9980718, 20.9232417], [84.9978999, 20.9234949], [84.9973577, 20.9236617], [84.9970932, 20.9244831], [84.9979991, 20.9258109], [84.9986867, 20.9267187], [84.9993479, 20.9270213], [84.999533, 20.9272869], [84.9995066, 20.9275895], [84.9989842, 20.9282565], [84.9973643, 20.9298066], [84.9964783, 20.9302574], [84.9948848, 20.9307391], [84.9924648, 20.9311467], [84.9911358, 20.9315852], [84.9903093, 20.9317766], [84.9880811, 20.9323448], [84.9875059, 20.9327586], [84.9871687, 20.9327647], [84.9869505, 20.9272622], [84.9868579, 20.9263235], [84.9859322, 20.9245942], [84.9854628, 20.9232046], [84.9832808, 20.92255], [84.9814758, 20.9218706], [84.9804509, 20.9216853], [84.9799749, 20.9213518], [84.9795583, 20.9207157], [84.9793996, 20.9201105], [84.9819981, 20.9195546], [84.985595, 20.9187085], [84.9886299, 20.9186776], [84.9918169, 20.9188135]]]}, "id": "way/230335221"}, {"type": "Feature", "properties": {"@id": "way/231258311", "landuse": "industrial", "name": "Talcher Thermal Power Station", "operator": "NTPC", "operator:wikidata": "Q1967805", "plant:method": "combustion", "plant:output:electricity": "460 MW", "plant:source": "coal", "power": "plant", "wikidata": "Q7679081", "coal_industrial_zone": "Talcher_Angul_OD", "centroid_lon": 85.20835393609796, "centroid_lat": 20.912601498571455, "area_sqkm": 0.518130958405277}, "geometry": {"type": "Polygon", "coordinates": [[[85.2095646, 20.9081657], [85.2115759, 20.9126508], [85.2121264, 20.9127361], [85.2121345, 20.9128439], [85.2123359, 20.9130973], [85.2117666, 20.9137319], [85.2113584, 20.9141031], [85.2113369, 20.9143866], [85.2104266, 20.9157486], [85.2096747, 20.9171006], [85.2091054, 20.9180563], [85.2077547, 20.9167169], [85.2072069, 20.9162829], [85.2072579, 20.915711], [85.2067558, 20.9148331], [85.2065947, 20.914369], [85.2055689, 20.9132503], [85.205354, 20.9128013], [85.2052359, 20.9122971], [85.2045995, 20.9114718], [85.2041967, 20.9105813], [85.2041, 20.91019], [85.2073465, 20.909001], [85.2095646, 20.9081657]]]}, "id": "way/231258311"}, {"type": "Feature", "properties": {"@id": "way/256727055", "landuse": "industrial", "name": "Linkers India Workshop", "coal_industrial_zone": "Raniganj_Coalfield_WB", "centroid_lon": 86.90965814425026, "centroid_lat": 23.70969610433759, "area_sqkm": 0.004501644669157014}, "geometry": {"type": "Polygon", "coordinates": [[[86.9090665, 23.7100056], [86.909638, 23.7099314], [86.9094503, 23.7092634], [86.9097989, 23.7091652], [86.9100028, 23.709956], [86.9092659, 23.7101604], [86.9091632, 23.7100807], [86.9090665, 23.7100056]]]}, "id": "way/256727055"}, {"type": "Feature", "properties": {"@id": "way/285680302", "industrial": "steel_mill", "landuse": "industrial", "man_made": "works", "name": "Jindal Steel Works", "name:kn": "\u0c9c\u0cbf\u0c82\u0ca6\u0cbe\u0cb2\u0ccd \u0c89\u0c95\u0ccd\u0c95\u0cc1 \u0c95\u0cbe\u0cb0\u0ccd\u0c96\u0cbe\u0ca8\u0cc6", "coal_industrial_zone": null, "centroid_lon": 76.66844414062582, "centroid_lat": 15.180472506861216, "area_sqkm": 21.167809736641754}, "geometry": {"type": "Polygon", "coordinates": [[[76.6498124, 15.2004177], [76.6382356, 15.1893202], [76.6383696, 15.1891036], [76.638197, 15.1888258], [76.6377584, 15.1888712], [76.6295313, 15.1810196], [76.6498302, 15.1689708], [76.6601565, 15.1630612], [76.660755, 15.1629941], [76.661243, 15.1632167], [76.662261, 15.1635391], [76.6636759, 15.163886], [76.6655103, 15.1645837], [76.6657493, 15.1646782], [76.6666169, 15.1652412], [76.6674274, 15.1656961], [76.6676831, 15.165825], [76.6683596, 15.1659245], [76.6693635, 15.1656593], [76.6704712, 15.1653568], [76.6710372, 15.1652464], [76.6718571, 15.1651675], [76.672719, 15.1651092], [76.6733922, 15.1651454], [76.6741244, 15.1651687], [76.674891, 15.1651334], [76.6756091, 15.1651869], [76.6761991, 15.1652917], [76.6767196, 15.165391], [76.6778916, 15.1656981], [76.6789006, 15.1660053], [76.6815931, 15.167034], [76.6828161, 15.1673964], [76.6843718, 15.1680643], [76.6867128, 15.1687171], [76.6877943, 15.1693224], [76.6888317, 15.1699804], [76.6896611, 15.1705598], [76.6900098, 15.1707514], [76.6903049, 15.1707618], [76.6909432, 15.1708757], [76.6926223, 15.1715953], [76.6928958, 15.1716434], [76.6935074, 15.1717144], [76.6946607, 15.1717107], [76.6957927, 15.1715487], [76.6963774, 15.1714297], [76.6972464, 15.1710931], [76.6982067, 15.1709999], [76.6984051, 15.1709274], [76.6990595, 15.1705924], [76.7002666, 15.1702647], [76.702112, 15.1694674], [76.7043677, 15.1686934], [76.7053573, 15.1669888], [76.7056632, 15.1663919], [76.7056471, 15.1657965], [76.7056552, 15.1656024], [76.7056096, 15.1654626], [76.7051831, 15.164937], [76.7052394, 15.1648801], [76.706146, 15.1648749], [76.7072591, 15.1648723], [76.7077821, 15.1650147], [76.7082784, 15.1651338], [76.7092788, 15.1671893], [76.7080878, 15.1697329], [76.7072295, 15.170727], [76.7068862, 15.1723838], [76.706972, 15.1747033], [76.7070578, 15.1759458], [76.7060407, 15.1764677], [76.7049249, 15.1767162], [76.7034529, 15.1785138], [76.7034529, 15.179922], [76.7028521, 15.1813302], [76.7017363, 15.1840637], [76.7025217, 15.1854139], [76.6890334, 15.19185], [76.6803774, 15.1930345], [76.6777037, 15.1925955], [76.675558, 15.1888681], [76.6701555, 15.1919991], [76.6648777, 15.1943685], [76.664578, 15.1941841], [76.6640019, 15.1944913], [76.6640386, 15.1947247], [76.6504356, 15.2005792], [76.6498124, 15.2004177]]]}, "id": "way/285680302"}, {"type": "Feature", "properties": {"@id": "way/346874575", "landuse": "industrial", "name": "Nava Karnataka Steels", "name:kn": "\u0ca8\u0cb5 \u0c95\u0cb0\u0ccd\u0ca8\u0cbe\u0c9f\u0c95 \u0cb8\u0ccd\u0c9f\u0cc0\u0cb2\u0ccd\u0cb8\u0ccd", "coal_industrial_zone": "Bellary_Karnataka", "centroid_lon": 76.96176947377458, "centroid_lat": 15.141891927575589, "area_sqkm": 0.1699919633179481}, "geometry": {"type": "Polygon", "coordinates": [[[76.9607263, 15.1447395], [76.9606676, 15.1440786], [76.9603546, 15.1422279], [76.9599242, 15.1398485], [76.9631522, 15.1394519], [76.9634065, 15.1439086], [76.9618806, 15.1440597], [76.9619588, 15.1444374], [76.9607263, 15.1447395]]]}, "id": "way/346874575"}, {"type": "Feature", "properties": {"@id": "way/349814060", "landuse": "industrial", "name": "Bellary Steels And Alloys Limited", "name:en": "BSAL", "coal_industrial_zone": "Bellary_Karnataka", "centroid_lon": 77.00834375559643, "centroid_lat": 15.159532216567179, "area_sqkm": 3.4074484121215747}, "geometry": {"type": "Polygon", "coordinates": [[[76.9959585, 15.1642155], [76.9959194, 15.1536601], [77.0206084, 15.1540755], [77.0209997, 15.1596271], [77.0192977, 15.1598914], [77.0197281, 15.1658394], [77.0154828, 15.1663303], [77.015072, 15.1650086], [77.0060141, 15.1666135], [77.0054663, 15.1646687], [77.0025709, 15.1644232], [76.9959585, 15.1642155]]]}, "id": "way/349814060"}, {"type": "Feature", "properties": {"@id": "way/350606678", "landuse": "industrial", "name": "Jindal SAW", "coal_industrial_zone": "Bellary_Karnataka", "centroid_lon": 76.71211527443738, "centroid_lat": 15.159773900921955, "area_sqkm": 1.0279753379477594}, "geometry": {"type": "Polygon", "coordinates": [[[76.7094727, 15.1674963], [76.708729, 15.1657085], [76.7083347, 15.1651441], [76.7080316, 15.164308], [76.7079861, 15.1635833], [76.7084339, 15.1631456], [76.7088175, 15.1631378], [76.7089087, 15.1625294], [76.7086337, 15.1608506], [76.7089435, 15.1602254], [76.7091742, 15.1603574], [76.7094116, 15.1604829], [76.7103772, 15.1603354], [76.7105773, 15.1609486], [76.7097831, 15.1612091], [76.7101049, 15.1621087], [76.7119405, 15.1612049], [76.7088451, 15.1557829], [76.7084003, 15.1525826], [76.7133021, 15.1528182], [76.7139153, 15.1528069], [76.71485, 15.1532771], [76.7146686, 15.1538524], [76.7145133, 15.1546917], [76.7153943, 15.1543669], [76.7153203, 15.154819], [76.7153203, 15.1553067], [76.7153819, 15.1557349], [76.7156161, 15.1563297], [76.7152217, 15.1570196], [76.715271, 15.1582925], [76.7158749, 15.1615399], [76.715189, 15.165321], [76.7094727, 15.1674963]]]}, "id": "way/350606678"}, {"type": "Feature", "properties": {"@id": "way/350607479", "landuse": "industrial", "name": "Shatavahana Kudatini Steels", "name:kn": "\u0cb6\u0cbe\u0ca4\u0cb5\u0cbe\u0cb9\u0ca8 \u0c95\u0cbe\u0cb0\u0ccd\u0c96\u0cbe\u0ca8\u0cc6", "coal_industrial_zone": "Bellary_Karnataka", "centroid_lon": 76.76419092383013, "centroid_lat": 15.225359359147383, "area_sqkm": 0.38705790738733026}, "geometry": {"type": "Polygon", "coordinates": [[[76.7595631, 15.2275191], [76.7586983, 15.2244679], [76.7623381, 15.2243558], [76.7623381, 15.2230108], [76.7653326, 15.2227119], [76.7665538, 15.2237918], [76.7670928, 15.2254189], [76.7706761, 15.225265], [76.7710375, 15.2263983], [76.7676817, 15.2274569], [76.767075, 15.2261118], [76.7595631, 15.2275191]]]}, "id": "way/350607479"}, {"type": "Feature", "properties": {"@id": "way/350607912", "landuse": "industrial", "name": "Hothur Ispat Pvt Ltd", "name:kn": "\u0cb9\u0cca\u0ca4\u0ccd\u0ca4\u0cc2\u0cb0\u0ccd \u0c87\u0cb8\u0ccd\u0caa\u0cbe\u0ca4\u0ccd", "coal_industrial_zone": "Bellary_Karnataka", "centroid_lon": 76.79132962746608, "centroid_lat": 15.183728199226726, "area_sqkm": 0.24631850791868978}, "geometry": {"type": "Polygon", "coordinates": [[[76.7900714, 15.1874109], [76.7893616, 15.1843823], [76.7894737, 15.1812274], [76.7932657, 15.1811553], [76.7942931, 15.183589], [76.79179, 15.1847068], [76.7920328, 15.1869783], [76.7900714, 15.1874109]]]}, "id": "way/350607912"}, {"type": "Feature", "properties": {"@id": "way/350608071", "landuse": "industrial", "name": "Scan Ispat Pvt Ltd.", "name:kn": "\u0cb8\u0ccd\u0c95\u0cbe\u0ca8\u0ccd \u0c87\u0cb8\u0ccd\u0caa\u0ca4\u0ccd", "coal_industrial_zone": "Bellary_Karnataka", "centroid_lon": 76.78935056303872, "centroid_lat": 15.17949895541529, "area_sqkm": 0.1445539101613095}, "geometry": {"type": "Polygon", "coordinates": [[[76.788044, 15.1816873], [76.7870555, 15.178337], [76.7906927, 15.1777906], [76.7908523, 15.177879], [76.792198, 15.1799837], [76.7895738, 15.180404], [76.7897033, 15.1810854], [76.7894797, 15.1811535], [76.7893149, 15.1814829], [76.788044, 15.1816873]]]}, "id": "way/350608071"}, {"type": "Feature", "properties": {"@id": "way/350608143", "landuse": "industrial", "name": "Rayen Steels Pvt Ltd.", "coal_industrial_zone": "Bellary_Karnataka", "centroid_lon": 76.78500607170061, "centroid_lat": 15.174296660181977, "area_sqkm": 0.1846471107274683}, "geometry": {"type": "Polygon", "coordinates": [[[76.7824662, 15.1767242], [76.7804303, 15.1755431], [76.783337, 15.1742938], [76.7850433, 15.1730331], [76.7877084, 15.1716561], [76.7888089, 15.1739417], [76.7874792, 15.1744982], [76.7847961, 15.1748049], [76.784502, 15.1754068], [76.7839842, 15.1761677], [76.7824662, 15.1767242]]]}, "id": "way/350608143"}, {"type": "Feature", "properties": {"@id": "way/350608201", "landuse": "industrial", "name": "Agarwal Sponge Iron", "coal_industrial_zone": "Bellary_Karnataka", "centroid_lon": 76.78437393371559, "centroid_lat": 15.169864281680043, "area_sqkm": 0.11646376526603835}, "geometry": {"type": "Polygon", "coordinates": [[[76.7832428, 15.1715907], [76.7825721, 15.1680926], [76.7858308, 15.1686697], [76.7859691, 15.1689648], [76.7863259, 15.1697394], [76.785361, 15.1715112], [76.7832428, 15.1715907]]]}, "id": "way/350608201"}, {"type": "Feature", "properties": {"@id": "way/350610235", "landuse": "industrial", "name": "Minera Steel and Power Pvt Limited", "coal_industrial_zone": "Bellary_Karnataka", "centroid_lon": 76.71636486536597, "centroid_lat": 15.150064621914767, "area_sqkm": 0.594696416190207}, "geometry": {"type": "Polygon", "coordinates": [[[76.7078639, 15.1492334], [76.7077212, 15.1474773], [76.7183696, 15.1478561], [76.7184409, 15.148648], [76.7222044, 15.1480454], [76.722579, 15.1504558], [76.7191366, 15.1526422], [76.719083, 15.1535719], [76.7158368, 15.1533998], [76.71485, 15.1532771], [76.7139153, 15.1528069], [76.713964, 15.1488374], [76.7078639, 15.1492334]]]}, "id": "way/350610235"}, {"type": "Feature", "properties": {"@id": "way/350610379", "landuse": "industrial", "name": "Metallurgical Products India Pvt Ltd", "name:en": "MPIL", "coal_industrial_zone": "Bellary_Karnataka", "centroid_lon": 76.71092399104577, "centroid_lat": 15.13895223790311, "area_sqkm": 0.7500967166053061}, "geometry": {"type": "Polygon", "coordinates": [[[76.7081779, 15.1439299], [76.7069283, 15.1414403], [76.7064904, 15.1394563], [76.7064121, 15.1369446], [76.706686, 15.136227], [76.7135332, 15.1345651], [76.7140027, 15.134754], [76.7155287, 15.1386065], [76.7162917, 15.1409104], [76.7150005, 15.1417224], [76.7133376, 15.1414391], [76.7128876, 15.1417601], [76.7113812, 15.1418546], [76.7097379, 15.1417601], [76.7099922, 15.144064], [76.7081779, 15.1439299]]]}, "id": "way/350610379"}, {"type": "Feature", "properties": {"@id": "way/350612717", "landuse": "industrial", "coal_industrial_zone": "Bellary_Karnataka", "centroid_lon": 76.78211456516908, "centroid_lat": 15.154239563859834, "area_sqkm": 0.06117315745156312}, "geometry": {"type": "Polygon", "coordinates": [[[76.7809951, 15.1551593], [76.7807024, 15.1533856], [76.783288, 15.1531187], [76.7833368, 15.155175], [76.7816944, 15.1554418], [76.7816618, 15.1551436], [76.7809951, 15.1551593]]]}, "id": "way/350612717"}, {"type": "Feature", "properties": {"@id": "way/350613047", "landuse": "industrial", "name": "PGM Ferro Steels", "coal_industrial_zone": "Bellary_Karnataka", "centroid_lon": 76.78677909044963, "centroid_lat": 15.127705227701975, "area_sqkm": 0.054010299129924694}, "geometry": {"type": "Polygon", "coordinates": [[[76.786535, 15.1291532], [76.7854002, 15.126973], [76.7870406, 15.1262354], [76.7881418, 15.1284915], [76.786535, 15.1291532]]]}, "id": "way/350613047"}, {"type": "Feature", "properties": {"@id": "way/350613128", "landuse": "industrial", "name": "Hindustan Steels", "name:kn": "\u0cb9\u0cbf\u0c82\u0ca6\u0cc1\u0cb8\u0ccd\u0ca4\u0cbe\u0ca8\u0ccd \u0cb8\u0ccd\u0c9f\u0cc0\u0cb2\u0ccd\u0cb8\u0ccd", "coal_industrial_zone": "Bellary_Karnataka", "centroid_lon": 76.80386617322857, "centroid_lat": 15.11693278660486, "area_sqkm": 0.1719752100025516}, "geometry": {"type": "Polygon", "coordinates": [[[76.8035315, 15.1196175], [76.802925, 15.1178784], [76.8023186, 15.1178784], [76.801623, 15.1153472], [76.8042271, 15.1142623], [76.8062783, 15.1184811], [76.8035315, 15.1196175]]]}, "id": "way/350613128"}, {"type": "Feature", "properties": {"@id": "way/350613140", "landuse": "industrial", "name": "Jairaj Ispat Ltd.", "name:kn": "\u0c9c\u0caf\u0cb0\u0cbe\u0c9c \u0c87\u0cb8\u0ccd\u0caa\u0ca4\u0ccd", "coal_industrial_zone": "Bellary_Karnataka", "centroid_lon": 76.81404165755664, "centroid_lat": 15.118412123861562, "area_sqkm": 0.46550477035187426}, "geometry": {"type": "Polygon", "coordinates": [[[76.8120038, 15.1218043], [76.8100953, 15.1157776], [76.8140371, 15.1148478], [76.8157672, 15.1159671], [76.8169088, 15.1169141], [76.8180503, 15.1212189], [76.8157672, 15.1216838], [76.8155889, 15.1209778], [76.8120038, 15.1218043]]]}, "id": "way/350613140"}, {"type": "Feature", "properties": {"@id": "way/350615355", "landuse": "industrial", "name": "Benaka Steels", "coal_industrial_zone": "Bellary_Karnataka", "centroid_lon": 76.82035704036902, "centroid_lat": 15.116818760344891, "area_sqkm": 0.30434293987236183}, "geometry": {"type": "Polygon", "coordinates": [[[76.8183893, 15.1138653], [76.822431, 15.1143351], [76.8227419, 15.1167232], [76.8229041, 15.1192679], [76.8206602, 15.1201161], [76.8192138, 15.1187459], [76.8179973, 15.1174801], [76.8173079, 15.1171538], [76.8163076, 15.1162664], [76.8174971, 15.1157445], [76.8188759, 15.1157445], [76.8183893, 15.1138653]]]}, "id": "way/350615355"}, {"type": "Feature", "properties": {"@id": "way/351487184", "landuse": "industrial", "coal_industrial_zone": "Bellary_Karnataka", "centroid_lon": 76.96668809520104, "centroid_lat": 15.14839484440573, "area_sqkm": 0.3791300625714976}, "geometry": {"type": "Polygon", "coordinates": [[[76.9637241, 15.1494918], [76.9637752, 15.1457437], [76.9697871, 15.1458917], [76.9694806, 15.1479959], [76.9699063, 15.1480616], [76.9700107, 15.1498423], [76.9689015, 15.150396], [76.9688334, 15.1510864], [76.963656, 15.1509714], [76.9637241, 15.1494918]]]}, "id": "way/351487184"}, {"type": "Feature", "properties": {"@id": "way/351499351", "landuse": "industrial", "name": "Ballari Bus Depots 1 and 2", "source": "yahoo", "coal_industrial_zone": "Bellary_Karnataka", "centroid_lon": 76.91947699242033, "centroid_lat": 15.154385818944322, "area_sqkm": 0.05879297416546632}, "geometry": {"type": "Polygon", "coordinates": [[[76.9183541, 15.1557343], [76.9178507, 15.1546816], [76.9183186, 15.1541895], [76.9189704, 15.153741], [76.9197094, 15.1533299], [76.9204644, 15.1528627], [76.9210581, 15.1544636], [76.920245, 15.1548716], [76.9196545, 15.155208], [76.9188446, 15.1556751], [76.9187155, 15.1555225], [76.9183541, 15.1557343]]]}, "id": "way/351499351"}, {"type": "Feature", "properties": {"@id": "way/354070558", "alt_name": "Derang Thermal Power Station", "landuse": "industrial", "name": "Angul power station", "operator": "Jindal Power Limited", "plant:method": "combustion", "plant:output:electricity": "1200 MW", "plant:source": "coal", "power": "plant", "ref": "https://www.gem.wiki/Angul_power_station", "start_date": "2014", "wikidata": "Q17049314", "coal_industrial_zone": "Talcher_Angul_OD", "centroid_lon": 84.9904871656005, "centroid_lat": 21.130334777355976, "area_sqkm": 3.9918909666535205}, "geometry": {"type": "Polygon", "coordinates": [[[84.9926966, 21.1253713], [84.9934688, 21.1254219], [84.9935167, 21.1255231], [84.9941581, 21.125538], [84.9942123, 21.1255856], [84.9949494, 21.1254368], [84.9956578, 21.1254308], [84.9956547, 21.1255082], [84.9959004, 21.1254844], [84.9962673, 21.1254249], [84.9962833, 21.1254546], [84.9967524, 21.1253713], [84.9967939, 21.1255737], [84.9972948, 21.1255439], [84.9979139, 21.1253981], [84.9979713, 21.1255648], [84.9983766, 21.1254963], [84.9988489, 21.1255142], [84.9988776, 21.1253683], [84.9997839, 21.1252552], [84.9998892, 21.1252612], [85.000154, 21.1254695], [85.0003678, 21.125541], [85.000588, 21.1256005], [85.0005816, 21.1255201], [85.0011337, 21.1255172], [85.0011049, 21.1258059], [85.0015453, 21.1259041], [85.0021516, 21.1259101], [85.0029908, 21.1275799], [85.0038684, 21.1295236], [85.0042704, 21.1305356], [85.0039131, 21.1306308], [85.0038684, 21.1308183], [85.0030834, 21.1310475], [85.0027962, 21.1310237], [85.0026398, 21.1311457], [85.0028983, 21.1316785], [85.0028441, 21.1318571], [85.00271, 21.1318928], [85.00271, 21.1320298], [85.0028249, 21.1320178], [85.0027292, 21.1329286], [85.0018155, 21.1331446], [85.0018047, 21.1331029], [85.0013545, 21.133206], [85.0014391, 21.1333976], [85.0014053, 21.1334239], [85.0014572, 21.1335449], [85.0011424, 21.1336333], [85.0013395, 21.1341362], [85.0011672, 21.1342017], [85.0013092, 21.1346125], [85.0008944, 21.1347494], [85.0010683, 21.1351527], [85.0013666, 21.1353253], [85.0012597, 21.1355843], [85.001081, 21.1358611], [85.0007428, 21.1362941], [85.0003503, 21.1364385], [85.0000966, 21.1364534], [85.0000408, 21.1364831], [84.9997935, 21.1365144], [84.9996882, 21.1365769], [84.999602, 21.1366677], [84.9994744, 21.1367063], [84.9991728, 21.1369325], [84.9989606, 21.1370352], [84.9988441, 21.1370962], [84.9986144, 21.1373314], [84.9982394, 21.1370605], [84.998107, 21.137001], [84.9976969, 21.1376766], [84.9975262, 21.1379772], [84.9973938, 21.1381008], [84.9975709, 21.1383165], [84.9968338, 21.1387436], [84.9961445, 21.1392347], [84.9950706, 21.1400882], [84.9948134, 21.1402755], [84.9943734, 21.1405638], [84.9931075, 21.1414645], [84.9923561, 21.1412815], [84.9918733, 21.1411447], [84.991774, 21.14105], [84.9916724, 21.1404817], [84.9918552, 21.1404228], [84.9916521, 21.1402818], [84.991589, 21.1401724], [84.9914716, 21.1397999], [84.9911918, 21.139381], [84.9909572, 21.1391138], [84.9908398, 21.1390906], [84.9906999, 21.139078], [84.9904946, 21.1389791], [84.9903457, 21.138817], [84.9902802, 21.1386865], [84.9902379, 21.138559], [84.9899762, 21.1383148], [84.9893128, 21.1377655], [84.9888705, 21.1375025], [84.9886223, 21.1374267], [84.9882974, 21.137372], [84.9875302, 21.1373699], [84.9866187, 21.1374267], [84.9864968, 21.1374625], [84.9864607, 21.1374962], [84.9861741, 21.1373783], [84.9859147, 21.1371489], [84.9855739, 21.136949], [84.9853551, 21.1368879], [84.9853122, 21.1368416], [84.9851497, 21.1367932], [84.9847549, 21.136627], [84.984545, 21.1365786], [84.9842156, 21.1366417], [84.9842472, 21.1364881], [84.9844909, 21.1364649], [84.9844976, 21.1363239], [84.9848587, 21.136326], [84.9848609, 21.1360966], [84.9850527, 21.1360903], [84.985161, 21.1359661], [84.9851339, 21.1352295], [84.9850482, 21.1352337], [84.9850459, 21.1347181], [84.9852039, 21.1345308], [84.9851542, 21.1343329], [84.9850978, 21.1342572], [84.984818, 21.1343098], [84.9847549, 21.1340593], [84.984624, 21.1340951], [84.9845879, 21.1339583], [84.9837124, 21.1339983], [84.9833085, 21.1339225], [84.9826271, 21.1338678], [84.9825797, 21.1334132], [84.9821013, 21.133369], [84.9821013, 21.1332975], [84.9820178, 21.1332806], [84.9820178, 21.1329902], [84.9817042, 21.1329144], [84.9816365, 21.1331291], [84.9813026, 21.1330807], [84.9813725, 21.1328113], [84.9809822, 21.1327439], [84.9809844, 21.1327124], [84.9803233, 21.1325777], [84.980321, 21.1320999], [84.9788138, 21.1318726], [84.9788002, 21.1317379], [84.9784572, 21.1317674], [84.9784053, 21.1315253], [84.9778458, 21.1316558], [84.9770335, 21.1308476], [84.9766138, 21.1296585], [84.9771282, 21.1292733], [84.9771869, 21.1294249], [84.9775772, 21.129408], [84.977769, 21.1293175], [84.9778819, 21.1291028], [84.9778706, 21.1289155], [84.9779496, 21.128724], [84.9780398, 21.1280231], [84.978191, 21.1280231], [84.9781887, 21.1278042], [84.9779112, 21.1278147], [84.9778187, 21.1270676], [84.9778367, 21.1267329], [84.9779563, 21.126131], [84.9779811, 21.1256784], [84.9778977, 21.1253648], [84.978288, 21.1253206], [84.9782948, 21.1255185], [84.9785656, 21.125489], [84.9785069, 21.1249586], [84.9785114, 21.1244808], [84.9784527, 21.1241399], [84.978622, 21.1241083], [84.9786084, 21.1239294], [84.9792741, 21.1238578], [84.9792538, 21.1236915], [84.9794929, 21.123681], [84.9794365, 21.1232032], [84.9796667, 21.1231674], [84.9796509, 21.1230138], [84.9798991, 21.1229338], [84.979863, 21.1225213], [84.9801134, 21.1225129], [84.9800931, 21.1223255], [84.9802804, 21.1222834], [84.9802624, 21.1221108], [84.9805602, 21.1220687], [84.9805805, 21.1222645], [84.9814492, 21.1222287], [84.9814289, 21.1221298], [84.9818779, 21.1218372], [84.9822232, 21.1218141], [84.982248, 21.1219467], [84.9823811, 21.1219361], [84.9824398, 21.1225949], [84.9820517, 21.1227254], [84.9820585, 21.1231232], [84.9821239, 21.1234411], [84.9822187, 21.12366], [84.9831145, 21.1234516], [84.9830107, 21.1222624], [84.9829001, 21.1221656], [84.9828798, 21.1220645], [84.9835996, 21.1220098], [84.9836244, 21.1218225], [84.9840689, 21.1218099], [84.9840554, 21.1216183], [84.9842427, 21.1216057], [84.9842742, 21.121833], [84.9849782, 21.1218372], [84.9851858, 21.1218035], [84.9852219, 21.1219425], [84.9853032, 21.1219172], [84.985346, 21.1220666], [84.9860794, 21.1218772], [84.9860049, 21.1217193], [84.9858041, 21.1215299], [84.9863185, 21.1212247], [84.9867428, 21.1212416], [84.9871737, 21.1212984], [84.9872098, 21.1210669], [84.987898, 21.1210521], [84.9878755, 21.1209385], [84.9882455, 21.1209427], [84.9885005, 21.1209364], [84.9884351, 21.1207638], [84.9886404, 21.1207469], [84.9886697, 21.1208522], [84.9889083, 21.1207816], [84.9892812, 21.120848], [84.989306, 21.1207659], [84.9894279, 21.1207532], [84.9894188, 21.1207132], [84.9896016, 21.1206754], [84.9896332, 21.1206185], [84.9898115, 21.1206648], [84.9898182, 21.1209574], [84.989834, 21.1210647], [84.9899869, 21.1213457], [84.9901018, 21.1213517], [84.9900954, 21.1217535], [84.9901529, 21.1217684], [84.9901816, 21.1219262], [84.9902773, 21.1219351], [84.9902837, 21.1220958], [84.9906124, 21.1220958], [84.9906347, 21.1221971], [84.9904114, 21.1223012], [84.9904879, 21.1225066], [84.990622, 21.1224828], [84.9907145, 21.1229055], [84.9907911, 21.1229174], [84.9911612, 21.1237717], [84.9911549, 21.1240872], [84.9913272, 21.1240902], [84.9913878, 21.1243849], [84.9914931, 21.1244593], [84.9915665, 21.1248314], [84.991758, 21.1248522], [84.9917516, 21.1253701], [84.9923004, 21.1253225], [84.9923196, 21.1254803], [84.9926291, 21.1254594], [84.9926966, 21.1253713]]]}, "id": "way/354070558"}, {"type": "Feature", "properties": {"@id": "way/362278105", "landuse": "industrial", "coal_industrial_zone": "Bellary_Karnataka", "centroid_lon": 76.88416314167455, "centroid_lat": 15.148304825139864, "area_sqkm": 0.006573539963268699}, "geometry": {"type": "Polygon", "coordinates": [[[76.883578, 15.1483985], [76.883764, 15.1480755], [76.8847903, 15.1479458], [76.8843605, 15.1486167], [76.8842788, 15.148774], [76.883578, 15.1483985]]]}, "id": "way/362278105"}, {"type": "Feature", "properties": {"@id": "way/363291228", "landuse": "industrial", "coal_industrial_zone": "Bellary_Karnataka", "centroid_lon": 76.88132652520335, "centroid_lat": 15.126442517599195, "area_sqkm": 0.02587645793135336}, "geometry": {"type": "Polygon", "coordinates": [[[76.88034, 15.1266305], [76.8803459, 15.1260455], [76.8805754, 15.1256933], [76.8824582, 15.1261761], [76.8822464, 15.1266532], [76.8820169, 15.1271871], [76.8811696, 15.1270565], [76.88034, 15.1266305]]]}, "id": "way/363291228"}, {"type": "Feature", "properties": {"@id": "way/363291229", "landuse": "industrial", "coal_industrial_zone": "Bellary_Karnataka", "centroid_lon": 76.88052853053755, "centroid_lat": 15.127413436396711, "area_sqkm": 0.03842809392958891}, "geometry": {"type": "Polygon", "coordinates": [[[76.8791868, 15.1276302], [76.8791632, 15.1270735], [76.8793633, 15.1262727], [76.8793986, 15.1262045], [76.8799105, 15.1265964], [76.8806754, 15.1269827], [76.8811225, 15.1271985], [76.8815462, 15.1273859], [76.8819581, 15.1274882], [76.8827583, 15.1277324], [76.8826406, 15.127988], [76.8819875, 15.1278631], [76.8816697, 15.1282606], [76.8813226, 15.1282152], [76.8812343, 15.1279539], [76.8805459, 15.1278233], [76.8799575, 15.1280902], [76.8797693, 15.1280278], [76.8795163, 15.1277097], [76.8791868, 15.1276302]]]}, "id": "way/363291229"}, {"type": "Feature", "properties": {"@id": "way/373427753", "landuse": "industrial", "coal_industrial_zone": "Raniganj_Coalfield_WB", "centroid_lon": 87.10992796024479, "centroid_lat": 23.693313545816054, "area_sqkm": 0.4431187034375059}, "geometry": {"type": "Polygon", "coordinates": [[[87.1051748, 23.6949463], [87.1044916, 23.6919441], [87.1061677, 23.6917177], [87.1077943, 23.6914979], [87.108214, 23.6918574], [87.1088095, 23.691845], [87.1103797, 23.6911136], [87.1147519, 23.6910393], [87.1132087, 23.6961956], [87.111302, 23.6962627], [87.1109076, 23.6950305], [87.1081417, 23.6949363], [87.1051748, 23.6949463]]]}, "id": "way/373427753"}, {"type": "Feature", "properties": {"@id": "way/373427755", "landuse": "industrial", "coal_industrial_zone": "Raniganj_Coalfield_WB", "centroid_lon": 87.12021617495188, "centroid_lat": 23.69319985737899, "area_sqkm": 0.806097598405313}, "geometry": {"type": "Polygon", "coordinates": [[[87.1184337, 23.6968525], [87.1178108, 23.6961512], [87.1171886, 23.6958663], [87.1171457, 23.69538], [87.1171617, 23.6949674], [87.114558, 23.6944757], [87.1159701, 23.6892048], [87.1177323, 23.6898147], [87.1183687, 23.6894165], [87.1201933, 23.6890436], [87.1204227, 23.6890475], [87.1224479, 23.6890612], [87.1224993, 23.6893035], [87.1224913, 23.6894337], [87.122333, 23.6896817], [87.1224591, 23.6898635], [87.12273, 23.6898291], [87.1226737, 23.6899617], [87.1229231, 23.6907133], [87.1224174, 23.6908702], [87.1228239, 23.6915976], [87.1234462, 23.6916565], [87.1235326, 23.6916097], [87.1237251, 23.6918333], [87.1242769, 23.6917435], [87.1249026, 23.6921084], [87.1252558, 23.6919193], [87.1254313, 23.6940172], [87.1252245, 23.6940242], [87.1252218, 23.6943632], [87.1255946, 23.694987], [87.1252459, 23.6951737], [87.1258628, 23.6963722], [87.1226013, 23.6969298], [87.1225825, 23.6968782], [87.1208972, 23.6972368], [87.1206942, 23.6972244], [87.1196925, 23.6968773], [87.1184337, 23.6968525]]]}, "id": "way/373427755"}, {"type": "Feature", "properties": {"@id": "way/373427756", "landuse": "industrial", "coal_industrial_zone": "Raniganj_Coalfield_WB", "centroid_lon": 87.09928071249325, "centroid_lat": 23.691014903552766, "area_sqkm": 0.9646766667362192}, "geometry": {"type": "Polygon", "coordinates": [[[87.1027286, 23.6949444], [87.1022889, 23.6966842], [87.1023399, 23.6971091], [87.1028025, 23.6982705], [87.1026318, 23.6983027], [87.1021575, 23.6970845], [87.1021409, 23.6965182], [87.1021851, 23.6946483], [87.0933316, 23.6951026], [87.0933069, 23.6948954], [87.0945088, 23.6926671], [87.0941136, 23.688341], [87.0961592, 23.6871574], [87.0963954, 23.687084], [87.0969169, 23.687088], [87.0981069, 23.6871044], [87.0992804, 23.6868403], [87.0994944, 23.686993], [87.0996712, 23.6869166], [87.0997113, 23.6867534], [87.1019531, 23.6863452], [87.1025495, 23.6874948], [87.1025904, 23.6875737], [87.1032634, 23.6876349], [87.1061677, 23.6917177], [87.1044916, 23.6919441], [87.1038161, 23.6924549], [87.1037938, 23.6928794], [87.1033257, 23.6930936], [87.1027286, 23.6949444]]]}, "id": "way/373427756"}, {"type": "Feature", "properties": {"@id": "way/373774139", "landuse": "industrial", "coal_industrial_zone": "Raniganj_Coalfield_WB", "centroid_lon": 87.26542301645685, "centroid_lat": 23.524366596924445, "area_sqkm": 0.14527690305313326}, "geometry": {"type": "Polygon", "coordinates": [[[87.2643894, 23.5269248], [87.2639612, 23.5264225], [87.2636834, 23.5267553], [87.2634465, 23.526649], [87.2633374, 23.52671], [87.2629863, 23.5264693], [87.2628432, 23.5265678], [87.2620212, 23.5259667], [87.2630398, 23.5250503], [87.2643399, 23.5238805], [87.2651015, 23.5246142], [87.2658053, 23.5239998], [87.2660367, 23.5235711], [87.2654034, 23.5229478], [87.2683826, 23.5212163], [87.2688189, 23.5218789], [87.2650217, 23.5263231], [87.2643894, 23.5269248]]]}, "id": "way/373774139"}, {"type": "Feature", "properties": {"@id": "way/426252018", "landuse": "industrial", "coal_industrial_zone": null, "centroid_lon": 77.10383264438765, "centroid_lat": 15.181271923762619, "area_sqkm": 1.0044261977720066}, "geometry": {"type": "Polygon", "coordinates": [[[77.1033933, 15.1908248], [77.1001531, 15.1884434], [77.1000351, 15.1858756], [77.1032538, 15.185099], [77.0992948, 15.1767844], [77.1045198, 15.1742268], [77.1064188, 15.1736883], [77.1090259, 15.1746927], [77.109337, 15.1757075], [77.1065475, 15.1766291], [77.1075775, 15.1789381], [77.1042516, 15.1807605], [77.1075346, 15.1861344], [77.1068265, 15.1869835], [77.1047665, 15.1874287], [77.1033933, 15.1908248]]]}, "id": "way/426252018"}, {"type": "Feature", "properties": {"@id": "way/427752947", "landuse": "industrial", "coal_industrial_zone": "Raniganj_Coalfield_WB", "centroid_lon": 87.06336905176633, "centroid_lat": 23.669082203166052, "area_sqkm": 0.051410584701675546}, "geometry": {"type": "Polygon", "coordinates": [[[87.0642261, 23.6679936], [87.0640096, 23.669217], [87.0644023, 23.6700541], [87.0638539, 23.6705563], [87.0625404, 23.6701905], [87.0626774, 23.6694208], [87.0624093, 23.6682238], [87.0629215, 23.6675792], [87.0642261, 23.6679936]]]}, "id": "way/427752947"}, {"type": "Feature", "properties": {"@id": "way/431147859", "landuse": "industrial", "name": "Bokaro Steel Plant", "coal_industrial_zone": "Dhanbad_Bokaro_JH", "centroid_lon": 86.29661116823834, "centroid_lat": 23.632834710456752, "area_sqkm": 2.495233873533007}, "geometry": {"type": "Polygon", "coordinates": [[[86.2875394, 23.6397238], [86.2858442, 23.6363624], [86.2864665, 23.6336496], [86.2867669, 23.6305043], [86.2870244, 23.6267102], [86.2895564, 23.6251571], [86.2929681, 23.6258452], [86.2958435, 23.6285581], [86.3000706, 23.6302094], [86.3012293, 23.6316052], [86.3069585, 23.6291282], [86.3092331, 23.6301701], [86.311057, 23.630465], [86.3111428, 23.6328633], [86.3047269, 23.6376991], [86.2998131, 23.6374239], [86.2957362, 23.6387213], [86.2921957, 23.6390947], [86.2909511, 23.6390358], [86.2906293, 23.6367555], [86.2981824, 23.6354581], [86.2982467, 23.6332368], [86.294556, 23.634259], [86.291273, 23.6345342], [86.2895993, 23.6359299], [86.2890414, 23.6398614], [86.2875394, 23.6397238]]]}, "id": "way/431147859"}, {"type": "Feature", "properties": {"@id": "way/433223158", "landuse": "industrial", "name": "SAIL Chasnalla ADM Building", "coal_industrial_zone": "Jharia_Coalfield_JH", "centroid_lon": 86.44567310317905, "centroid_lat": 23.664774915707135, "area_sqkm": 0.007876181877418552}, "geometry": {"type": "Polygon", "coordinates": [[[86.445065, 23.6645468], [86.4456206, 23.6642324], [86.4459356, 23.6645954], [86.4462541, 23.6649877], [86.4458542, 23.6653345], [86.4458082, 23.6652891], [86.4455428, 23.6650882], [86.4454047, 23.6649358], [86.4452525, 23.6647997], [86.445065, 23.6645468]]]}, "id": "way/433223158"}, {"type": "Feature", "properties": {"@id": "way/433225639", "landuse": "industrial", "name": "SAIL Parbatpur colliery Area", "coal_industrial_zone": "Jharia_Coalfield_JH", "centroid_lon": 86.34645421550728, "centroid_lat": 23.680443670278464, "area_sqkm": 0.4054002798257775}, "geometry": {"type": "Polygon", "coordinates": [[[86.3419929, 23.6794405], [86.3441971, 23.6785253], [86.3453553, 23.6779779], [86.3476622, 23.6771738], [86.3487355, 23.6768525], [86.3493941, 23.6787588], [86.3484997, 23.6792949], [86.3483778, 23.6800321], [86.3484753, 23.6802555], [86.3486705, 23.6802853], [86.3489551, 23.6806502], [86.3491177, 23.6806353], [86.3492234, 23.6807991], [86.3498657, 23.6826681], [86.3503834, 23.6832499], [86.3505812, 23.6834723], [86.3500446, 23.6838967], [86.3493291, 23.6830032], [86.347524, 23.6843435], [86.3466377, 23.6833234], [86.3463938, 23.6833457], [86.3461661, 23.6829883], [86.3462637, 23.6828989], [86.3461824, 23.6828096], [86.3460035, 23.6826458], [86.3454181, 23.682199], [86.3451173, 23.6822735], [86.344605, 23.6818714], [86.3442635, 23.6817299], [86.343361, 23.6806949], [86.3429219, 23.6808289], [86.3427024, 23.6806278], [86.3423365, 23.6808289], [86.3417429, 23.6802779], [86.3408892, 23.6801811], [86.3408648, 23.6798385], [86.3419929, 23.6794405]]]}, "id": "way/433225639"}, {"type": "Feature", "properties": {"@id": "way/433247994", "landuse": "industrial", "name": "SAIL Parbatpur Colliery", "coal_industrial_zone": "Jharia_Coalfield_JH", "centroid_lon": 86.35218799312219, "centroid_lat": 23.682488432689663, "area_sqkm": 0.09714580261770679}, "geometry": {"type": "Polygon", "coordinates": [[[86.3503834, 23.6832499], [86.3506705, 23.6830685], [86.3507697, 23.6828941], [86.3508422, 23.6826682], [86.3508006, 23.6824066], [86.3507617, 23.6822899], [86.351151, 23.6820111], [86.3511262, 23.6818361], [86.3515085, 23.6816903], [86.3515969, 23.6819723], [86.3517137, 23.6819982], [86.352096, 23.6818685], [86.3522446, 23.6817583], [86.352149, 23.681512], [86.3517668, 23.681593], [86.3518588, 23.6813078], [86.3522163, 23.6802901], [86.3530799, 23.6802058], [86.3530728, 23.6802674], [86.3530905, 23.6803581], [86.3530692, 23.6804424], [86.3531259, 23.6804943], [86.3530303, 23.6805688], [86.3532533, 23.6809156], [86.353232, 23.6814245], [86.3535435, 23.681337], [86.3536178, 23.6814764], [86.3537134, 23.6814537], [86.3537381, 23.6815606], [86.3536638, 23.6819107], [86.3537311, 23.6821084], [86.353501, 23.6822153], [86.353501, 23.6823126], [86.3534586, 23.6823677], [86.3536355, 23.6827015], [86.3536355, 23.6829089], [86.3532108, 23.6830937], [86.3532957, 23.6831877], [86.35314, 23.6833724], [86.3527896, 23.6835701], [86.3522729, 23.6840595], [86.3523579, 23.6841762], [86.3522411, 23.6842605], [86.352011, 23.6844485], [86.3508548, 23.6840975], [86.3503834, 23.6832499]]]}, "id": "way/433247994"}, {"type": "Feature", "properties": {"@id": "way/437012407", "landuse": "industrial", "name": "Balco-I Captive Power Plant", "operator": "Vedanta", "plant:method": "combustion", "plant:output:electricity": "270 MW", "plant:source": "coal", "power": "plant", "source": "http://globalenergyobservatory.org/geoid/4561;https://www.industryabout.com/country-territories-3/757-india/fossil-fuels-energy/8054-balco-i-coal-power-plant;https://www.balcoindia.com/about-us/about-company/", "coal_industrial_zone": "Korba_Industrial_CG", "centroid_lon": 82.67481571492799, "centroid_lat": 22.39469301009751, "area_sqkm": 0.26734992721035}, "geometry": {"type": "Polygon", "coordinates": [[[82.6754091, 22.3933833], [82.6773832, 22.393294], [82.6792715, 22.3931998], [82.6793707, 22.3957913], [82.6754922, 22.3959748], [82.6754922, 22.3957318], [82.6687223, 22.3956834], [82.6685292, 22.3956065], [82.6689088, 22.395051], [82.6694559, 22.3946381], [82.66996, 22.39445], [82.6705798, 22.3942264], [82.671084, 22.3940243], [82.6728301, 22.3938483], [82.6728127, 22.3936573], [82.6754091, 22.3933833]]]}, "id": "way/437012407"}, {"type": "Feature", "properties": {"@id": "way/440768838", "disused:power": "plant", "landuse": "industrial", "name": "Durgapur Thermal Power Station", "operator": "Damodar Valley Corporation", "plant:method": "combustion", "plant:output:electricity": "210 MW", "plant:source": "coal", "source": "https://www.dvc.gov.in/dvcwebsite_new1/generating-units/", "wikidata": "Q5316424", "wikipedia": "en:Durgapur Thermal Power Station", "coal_industrial_zone": "Raniganj_Coalfield_WB", "centroid_lon": 87.24942770755973, "centroid_lat": 23.53039627872947, "area_sqkm": 0.49840570070667034}, "geometry": {"type": "Polygon", "coordinates": [[[87.2496589, 23.5349749], [87.2453405, 23.5303689], [87.2459065, 23.5297394], [87.246282, 23.5297246], [87.2465883, 23.5294792], [87.2463973, 23.5287016], [87.2463785, 23.5277474], [87.2469606, 23.5266309], [87.2475131, 23.5259891], [87.2477652, 23.5261956], [87.2484304, 23.5270146], [87.2487979, 23.5275458], [87.2512119, 23.5262129], [87.2514774, 23.5265596], [87.2517993, 23.5264293], [87.2518851, 23.5263457], [87.2522579, 23.5267539], [87.2522043, 23.5267859], [87.2522848, 23.5268916], [87.2515498, 23.5274277], [87.2513755, 23.5275999], [87.2511904, 23.5279663], [87.2517322, 23.5305558], [87.2518261, 23.5309395], [87.2516893, 23.5309641], [87.2517215, 23.531087], [87.2523411, 23.5309813], [87.2533255, 23.5309591], [87.2538431, 23.5307944], [87.2538887, 23.5310231], [87.254401, 23.5309321], [87.25446, 23.5310083], [87.2527381, 23.532592], [87.2513782, 23.5337798], [87.2505682, 23.5342347], [87.2496589, 23.5349749]]]}, "id": "way/440768838"}, {"type": "Feature", "properties": {"@id": "way/485473647", "landuse": "industrial", "coal_industrial_zone": "Singareni_Coalfield_TS", "centroid_lon": 80.13345138228682, "centroid_lat": 18.194228603036986, "area_sqkm": 0.022058445610527867}, "geometry": {"type": "Polygon", "coordinates": [[[80.1339125, 18.1949842], [80.133741, 18.1948467], [80.133558, 18.1950526], [80.1324445, 18.1941598], [80.1331918, 18.1933187], [80.1344768, 18.194349], [80.1339125, 18.1949842]]]}, "id": "way/485473647"}, {"type": "Feature", "properties": {"@id": "way/516324243", "landuse": "industrial", "coal_industrial_zone": "Dhanbad_Bokaro_JH", "centroid_lon": 86.03037337371077, "centroid_lat": 23.765311180294926, "area_sqkm": 0.05147188032134738}, "geometry": {"type": "Polygon", "coordinates": [[[86.0295153, 23.7664741], [86.0290271, 23.7648392], [86.029872, 23.7644609], [86.0307137, 23.7640841], [86.0317254, 23.7651838], [86.0316946, 23.7658774], [86.0295153, 23.7664741]]]}, "id": "way/516324243"}, {"type": "Feature", "properties": {"@id": "way/526196727", "landuse": "industrial", "name": "Power Plant", "coal_industrial_zone": "Dhanbad_Bokaro_JH", "centroid_lon": 85.89446381847162, "centroid_lat": 23.757912587535888, "area_sqkm": 0.1078203155993921}, "geometry": {"type": "Polygon", "coordinates": [[[85.8920255, 23.757693], [85.8926014, 23.756159], [85.8971092, 23.7580233], [85.8965248, 23.7593921], [85.8935725, 23.7588021], [85.8920255, 23.757693]]]}, "id": "way/526196727"}, {"type": "Feature", "properties": {"@id": "way/528342886", "landuse": "industrial", "coal_industrial_zone": "Dhanbad_Bokaro_JH", "centroid_lon": 86.27248801038614, "centroid_lat": 23.79134686197054, "area_sqkm": 0.010623334566436972}, "geometry": {"type": "Polygon", "coordinates": [[[86.2720032, 23.7917533], [86.2717485, 23.7910732], [86.273082, 23.7909526], [86.27313, 23.7916463], [86.2720032, 23.7917533]]]}, "id": "way/528342886"}, {"type": "Feature", "properties": {"@id": "way/528375433", "landuse": "industrial", "coal_industrial_zone": "Jharia_Coalfield_JH", "centroid_lon": 86.37562057116872, "centroid_lat": 23.709075869234642, "area_sqkm": 0.020492678206761608}, "geometry": {"type": "Polygon", "coordinates": [[[86.3752072, 23.7097917], [86.3752273, 23.7092706], [86.3749327, 23.7088904], [86.3748858, 23.708449], [86.3750398, 23.7082957], [86.3752273, 23.7082957], [86.3759171, 23.7085103], [86.3764662, 23.7088168], [86.3758367, 23.7100308], [86.3752072, 23.7097917]]]}, "id": "way/528375433"}, {"type": "Feature", "properties": {"@id": "way/528391297", "landuse": "industrial", "coal_industrial_zone": "Jharia_Coalfield_JH", "centroid_lon": 86.38676608071506, "centroid_lat": 23.75094856649095, "area_sqkm": 0.04849620018861141}, "geometry": {"type": "Polygon", "coordinates": [[[86.386823, 23.751862], [86.3862901, 23.7522531], [86.3861413, 23.7521169], [86.3858964, 23.7522707], [86.3855459, 23.7518664], [86.3857427, 23.75155], [86.3856467, 23.7514313], [86.385085, 23.7514093], [86.385037, 23.7513127], [86.3877737, 23.7494889], [86.3880474, 23.749902], [86.3880858, 23.7501349], [86.3879369, 23.7502755], [86.3881386, 23.7505348], [86.3878985, 23.751005], [86.3870007, 23.7515148], [86.3870967, 23.7516818], [86.386823, 23.751862]]]}, "id": "way/528391297"}, {"type": "Feature", "properties": {"@id": "way/528391299", "landuse": "industrial", "coal_industrial_zone": "Jharia_Coalfield_JH", "centroid_lon": 86.38076210685476, "centroid_lat": 23.760672194438133, "area_sqkm": 0.061672823347000236}, "geometry": {"type": "Polygon", "coordinates": [[[86.3802321, 23.7593921], [86.3809962, 23.7592996], [86.3812074, 23.7596824], [86.3814757, 23.759497], [86.3816768, 23.7598654], [86.381522, 23.7600308], [86.3819999, 23.7607396], [86.3815083, 23.7616871], [86.381355, 23.7626276], [86.3810381, 23.7627375], [86.380366, 23.7614807], [86.3792281, 23.759745], [86.3796266, 23.7594242], [86.3802321, 23.7593921]]]}, "id": "way/528391299"}, {"type": "Feature", "properties": {"@id": "way/528437053", "description": "underground mine", "industrial": "mine", "landuse": "industrial", "name": "Moonidih coal project", "operator": "Bharat Coking Coal Limited", "resource": "coal", "coal_industrial_zone": "Jharia_Coalfield_JH", "centroid_lon": 86.35255372940446, "centroid_lat": 23.740868990428574, "area_sqkm": 0.40549587988153224}, "geometry": {"type": "Polygon", "coordinates": [[[86.347659, 23.7451959], [86.3470098, 23.7443293], [86.3471366, 23.7440567], [86.3483279, 23.742214], [86.3487636, 23.7423907], [86.3506726, 23.7410225], [86.3499292, 23.7398859], [86.3505206, 23.7394082], [86.3512292, 23.7388843], [86.3540545, 23.7382606], [86.3545954, 23.7378209], [86.3555039, 23.7370824], [86.3560623, 23.736714], [86.3563235, 23.7371222], [86.3563835, 23.7377166], [86.3568435, 23.7383604], [86.3569253, 23.7398323], [86.3554899, 23.7414289], [86.3529735, 23.7430505], [86.3514563, 23.7427844], [86.347659, 23.7451959]]]}, "id": "way/528437053"}, {"type": "Feature", "properties": {"@id": "way/528448917", "landuse": "industrial", "coal_industrial_zone": "Jharia_Coalfield_JH", "centroid_lon": 86.3407983575129, "centroid_lat": 23.72439580508217, "area_sqkm": 0.1366032381050018}, "geometry": {"type": "Polygon", "coordinates": [[[86.342811, 23.7243269], [86.3429692, 23.7247034], [86.3406638, 23.7267379], [86.3402803, 23.7261514], [86.3397385, 23.7261514], [86.339003, 23.7244644], [86.3388369, 23.7236028], [86.3391533, 23.7231793], [86.3410118, 23.722267], [86.3412332, 23.7228136], [86.3422969, 23.7230345], [86.3422574, 23.7231938], [86.342811, 23.7243269]]]}, "id": "way/528448917"}, {"type": "Feature", "properties": {"@id": "way/528449028", "landuse": "industrial", "coal_industrial_zone": "Jharia_Coalfield_JH", "centroid_lon": 86.44843838778492, "centroid_lat": 23.6541064670033, "area_sqkm": 0.28638269918327647}, "geometry": {"type": "Polygon", "coordinates": [[[86.4454107, 23.6585539], [86.4451447, 23.6583276], [86.4452207, 23.657904], [86.4448342, 23.6569929], [86.4453601, 23.6567318], [86.4454234, 23.6538187], [86.446209, 23.6533022], [86.4478372, 23.6527393], [86.4477358, 23.6525072], [86.45027, 23.6512015], [86.4508211, 23.6510796], [86.4511949, 23.6516483], [86.4522212, 23.6512073], [86.45254, 23.6517484], [86.452652, 23.6519385], [86.4518474, 23.6527219], [86.4516701, 23.6538999], [86.4514927, 23.6544802], [86.4505012, 23.6547762], [86.4498281, 23.6546572], [86.448192, 23.6554087], [86.4480019, 23.6551244], [86.4475204, 23.6550605], [86.4468996, 23.6569755], [86.4469439, 23.6575268], [86.4468022, 23.6575847], [86.4458796, 23.657962], [86.4456071, 23.6579794], [86.4454107, 23.6585539]]]}, "id": "way/528449028"}, {"type": "Feature", "properties": {"@id": "way/551245019", "landuse": "industrial", "coal_industrial_zone": "Singareni_Coalfield_TS", "centroid_lon": 79.97543451124062, "centroid_lat": 18.29157561982017, "area_sqkm": 0.058359309402739805}, "geometry": {"type": "Polygon", "coordinates": [[[79.9769537, 18.2927469], [79.9753068, 18.2934395], [79.9741857, 18.2895126], [79.9747006, 18.2893088], [79.9769537, 18.2927469]]]}, "id": "way/551245019"}, {"type": "Feature", "properties": {"@id": "way/551245024", "landuse": "industrial", "coal_industrial_zone": "Singareni_Coalfield_TS", "centroid_lon": 80.00061817661883, "centroid_lat": 18.31934831223291, "area_sqkm": 0.04744637804826663}, "geometry": {"type": "Polygon", "coordinates": [[[79.9990122, 18.3205847], [79.9991087, 18.3203912], [80.0008307, 18.3185528], [80.0017802, 18.3176667], [80.0025259, 18.3163019], [80.0028316, 18.3165412], [80.0001816, 18.320819], [79.9996505, 18.3213843], [79.9990068, 18.3210023], [79.9990122, 18.3205847]]]}, "id": "way/551245024"}, {"type": "Feature", "properties": {"@id": "way/558199779", "landuse": "industrial", "coal_industrial_zone": "Dhanbad_Bokaro_JH", "centroid_lon": 86.12031173062358, "centroid_lat": 23.6680971125648, "area_sqkm": 0.016548443648019315}, "geometry": {"type": "Polygon", "coordinates": [[[86.1185751, 23.6689106], [86.1184356, 23.6685765], [86.1213431, 23.6675545], [86.1220727, 23.6672597], [86.1222122, 23.6675938], [86.1185751, 23.6689106]]]}, "id": "way/558199779"}, {"type": "Feature", "properties": {"@id": "way/558199783", "landuse": "industrial", "coal_industrial_zone": "Dhanbad_Bokaro_JH", "centroid_lon": 86.12465518353184, "centroid_lat": 23.666190682904578, "area_sqkm": 0.008689172404749545}, "geometry": {"type": "Polygon", "coordinates": [[[86.1237464, 23.6667193], [86.1236069, 23.666395], [86.1256132, 23.6656678], [86.1257472, 23.665945], [86.1237464, 23.6667193]]]}, "id": "way/558199783"}, {"type": "Feature", "properties": {"@id": "way/558199784", "landuse": "industrial", "coal_industrial_zone": "Dhanbad_Bokaro_JH", "centroid_lon": 86.12460288681037, "centroid_lat": 23.66685386034486, "area_sqkm": 0.0055799500044979525}, "geometry": {"type": "Polygon", "coordinates": [[[86.1239717, 23.6672499], [86.1238537, 23.6669551], [86.1252251, 23.6664723], [86.1253986, 23.6667193], [86.1239717, 23.6672499]]]}, "id": "way/558199784"}, {"type": "Feature", "properties": {"@id": "way/560043955", "landuse": "industrial", "coal_industrial_zone": "Singareni_Coalfield_TS", "centroid_lon": 79.93348521812428, "centroid_lat": 18.19917569671581, "area_sqkm": 0.09341542156112845}, "geometry": {"type": "Polygon", "coordinates": [[[79.9327469, 18.1977889], [79.9331438, 18.1973812], [79.9343562, 18.1971672], [79.9345386, 18.1977889], [79.9339914, 18.1978704], [79.934675, 18.1996395], [79.9355793, 18.2003165], [79.9355364, 18.2009994], [79.9339163, 18.2001433], [79.9336588, 18.2003267], [79.9331224, 18.200765], [79.9319744, 18.2000719], [79.9318671, 18.1995419], [79.9319529, 18.1988387], [79.9327469, 18.1977889]]]}, "id": "way/560043955"}, {"type": "Feature", "properties": {"@id": "way/560047473", "landuse": "industrial", "coal_industrial_zone": "Singareni_Coalfield_TS", "centroid_lon": 79.93739344293974, "centroid_lat": 18.202984438075298, "area_sqkm": 0.024828558483115097}, "geometry": {"type": "Polygon", "coordinates": [[[79.9371457, 18.2036187], [79.9370706, 18.2029665], [79.9363625, 18.2030378], [79.936341, 18.2019575], [79.9368238, 18.2018657], [79.9369848, 18.2027422], [79.9372101, 18.2026709], [79.9383151, 18.2026505], [79.9383473, 18.2039347], [79.9371457, 18.2036187]]]}, "id": "way/560047473"}, {"type": "Feature", "properties": {"@id": "way/607813080", "landuse": "industrial", "coal_industrial_zone": "Singareni_Coalfield_TS", "centroid_lon": 80.46423866815395, "centroid_lat": 18.48676562534628, "area_sqkm": 0.022636910153629123}, "geometry": {"type": "Polygon", "coordinates": [[[80.4646584, 18.485928], [80.4647389, 18.4862104], [80.4652324, 18.4870396], [80.4637223, 18.4876145], [80.4635131, 18.4868667], [80.4633817, 18.4863757], [80.4646584, 18.485928]]]}, "id": "way/607813080"}, {"type": "Feature", "properties": {"@id": "way/615647450", "landuse": "industrial", "coal_industrial_zone": "Singareni_Coalfield_TS", "centroid_lon": 80.24259246404844, "centroid_lat": 18.082447138160223, "area_sqkm": 0.007273559241619838}, "geometry": {"type": "Polygon", "coordinates": [[[80.2424374, 18.0818113], [80.2429873, 18.0819719], [80.2427191, 18.0823952], [80.2428076, 18.0824258], [80.2427271, 18.082589], [80.2429685, 18.0829714], [80.2427351, 18.0832748], [80.2425286, 18.0831499], [80.2427083, 18.0827598], [80.2425984, 18.0826706], [80.242424, 18.0827114], [80.2421397, 18.0825813], [80.2424374, 18.0818113]]]}, "id": "way/615647450"}, {"type": "Feature", "properties": {"@id": "way/616531022", "landuse": "industrial", "coal_industrial_zone": "Singareni_Coalfield_TS", "centroid_lon": 79.9816899021207, "centroid_lat": 18.198730160484786, "area_sqkm": 0.0029632534802809113}, "geometry": {"type": "Polygon", "coordinates": [[[79.9813753, 18.1985125], [79.9819922, 18.1985406], [79.9819708, 18.1989457], [79.9814317, 18.1989406], [79.9813753, 18.1985125]]]}, "id": "way/616531022"}, {"type": "Feature", "properties": {"@id": "way/617121742", "landuse": "industrial", "coal_industrial_zone": "Dhanbad_Bokaro_JH", "centroid_lon": 85.85110778555276, "centroid_lat": 23.792815662957523, "area_sqkm": 0.11218235058661359}, "geometry": {"type": "Polygon", "coordinates": [[[85.8492869, 23.7949215], [85.8493513, 23.7937189], [85.8498716, 23.792428], [85.8527309, 23.7902535], [85.8532995, 23.7904597], [85.8531171, 23.7909358], [85.8530474, 23.7915101], [85.8505475, 23.7952209], [85.8492869, 23.7949215]]]}, "id": "way/617121742"}, {"type": "Feature", "properties": {"@id": "way/648728088", "landuse": "industrial", "coal_industrial_zone": "Korba_Industrial_CG", "centroid_lon": 82.65060208012534, "centroid_lat": 22.449771375663055, "area_sqkm": 0.38983391826081853}, "geometry": {"type": "Polygon", "coordinates": [[[82.6544165, 22.4518472], [82.6492667, 22.451748], [82.6488161, 22.4513514], [82.6480436, 22.4517282], [82.6483869, 22.4521248], [82.6479363, 22.4524223], [82.6473355, 22.4517083], [82.646563, 22.4517083], [82.6466703, 22.4479998], [82.6509619, 22.4476825], [82.654438, 22.4475437], [82.6544165, 22.4518472]]]}, "id": "way/648728088"}, {"type": "Feature", "properties": {"@id": "way/660439332", "landuse": "industrial", "coal_industrial_zone": "Bellary_Karnataka", "centroid_lon": 76.9311052088761, "centroid_lat": 15.130315334890634, "area_sqkm": 0.9291201298932943}, "geometry": {"type": "Polygon", "coordinates": [[[76.9241372, 15.12606], [76.9253656, 15.125915], [76.9255882, 15.1259667], [76.9256741, 15.1245064], [76.9261301, 15.1244857], [76.926983, 15.1250864], [76.9268999, 15.1267047], [76.9283563, 15.1266866], [76.9294292, 15.1267021], [76.9295418, 15.1259616], [76.9303894, 15.126091], [76.9308346, 15.1265157], [76.9319826, 15.1264225], [76.9331574, 15.1264742], [76.9332218, 15.1267125], [76.9330019, 15.1274271], [76.9325405, 15.1279967], [76.93187, 15.129281], [76.9323957, 15.1310417], [76.9351852, 15.1302649], [76.9362581, 15.1300267], [76.9364405, 15.1309588], [76.9366872, 15.131311], [76.9394874, 15.1309899], [76.9396377, 15.1309381], [76.939584, 15.1321188], [76.9404504, 15.1328023], [76.9408205, 15.1339416], [76.9408353, 15.1341228], [76.9399649, 15.1341966], [76.9349384, 15.1339623], [76.9324708, 15.1337137], [76.930722, 15.1349099], [76.9301963, 15.1340969], [76.930089, 15.1328438], [76.9300139, 15.131922], [76.9299173, 15.1316579], [76.9289035, 15.132067], [76.9287497, 15.1316066], [76.928544, 15.1312799], [76.927616, 15.1312799], [76.9276053, 15.1312022], [76.9272727, 15.1311867], [76.9271922, 15.130239], [76.9257653, 15.1304151], [76.9258082, 15.1314663], [76.9259101, 15.1320411], [76.924274, 15.1324968], [76.9241613, 15.1316838], [76.9242364, 15.1312695], [76.9243222, 15.1307879], [76.9241667, 15.1298455], [76.9241345, 15.1291412], [76.9243276, 15.1287062], [76.9241372, 15.12606]]]}, "id": "way/660439332"}, {"type": "Feature", "properties": {"@id": "way/660439333", "landuse": "industrial", "coal_industrial_zone": "Bellary_Karnataka", "centroid_lon": 76.91928364897551, "centroid_lat": 15.127775381837802, "area_sqkm": 0.5633767205303466}, "geometry": {"type": "Polygon", "coordinates": [[[76.9147092, 15.125656], [76.9152832, 15.1231496], [76.9168925, 15.1231496], [76.9191027, 15.1245271], [76.9207764, 15.1254075], [76.9216132, 15.1255525], [76.9219083, 15.1256198], [76.9221711, 15.1266037], [76.9225359, 15.1284835], [76.9227183, 15.1304772], [76.9227987, 15.1314767], [76.9239414, 15.1314715], [76.924113, 15.1325331], [76.9231903, 15.13259], [76.9218707, 15.1323052], [76.9200414, 15.1322275], [76.9197571, 15.1320722], [76.9191563, 15.1314767], [76.917783, 15.1294208], [76.916973, 15.1284214], [76.9147092, 15.125656]]]}, "id": "way/660439333"}, {"type": "Feature", "properties": {"@id": "way/661053476", "landuse": "industrial", "note": "Ferroalloys cluster", "coal_industrial_zone": "Rourkela_OD", "centroid_lon": 84.75699477200392, "centroid_lat": 22.22320212493651, "area_sqkm": 1.8977242051988101}, "geometry": {"type": "Polygon", "coordinates": [[[84.7525692, 22.2286863], [84.7507989, 22.2252301], [84.7508184, 22.2227602], [84.7508274, 22.2216188], [84.7508418, 22.2197874], [84.7534114, 22.2180294], [84.7524995, 22.2168376], [84.7520488, 22.2143048], [84.7544414, 22.2140217], [84.7568232, 22.2139969], [84.7568661, 22.2147865], [84.757247, 22.2148312], [84.7572845, 22.2152732], [84.757503, 22.2160373], [84.7577673, 22.2169617], [84.758926, 22.2169766], [84.7589046, 22.2197179], [84.7623432, 22.2197577], [84.7628527, 22.2227173], [84.7631907, 22.2226975], [84.7639578, 22.2304988], [84.7614312, 22.2300717], [84.7608626, 22.2308762], [84.7525692, 22.2286863]]]}, "id": "way/661053476"}, {"type": "Feature", "properties": {"@id": "way/663471185", "landuse": "industrial", "name": "Swastik Power and Mineral Resources Private Limited", "plant:method": "combustion", "plant:output:electricity": "25 MW", "plant:source": "coal", "power": "plant", "wikidata": "Q120428561", "coal_industrial_zone": "Korba_Industrial_CG", "centroid_lon": 82.70334993749906, "centroid_lat": 22.298322630081824, "area_sqkm": 0.3131204239688975}, "geometry": {"type": "Polygon", "coordinates": [[[82.7031255, 22.2958269], [82.7046811, 22.2951916], [82.7051318, 22.2960552], [82.705518, 22.2960155], [82.7060759, 22.2983185], [82.7055609, 22.2984078], [82.7052927, 22.2989141], [82.7054644, 22.3011972], [82.7046919, 22.3016339], [82.7036297, 22.3019019], [82.7026212, 22.3017332], [82.7017951, 22.2987056], [82.7001858, 22.2986858], [82.700057, 22.2979512], [82.7007866, 22.2978619], [82.7007115, 22.2968791], [82.7003467, 22.2969784], [82.7000356, 22.2961843], [82.7021062, 22.2956879], [82.7031255, 22.2958269]]]}, "id": "way/663471185"}, {"type": "Feature", "properties": {"@id": "way/663606005", "landuse": "industrial", "coal_industrial_zone": "Rourkela_OD", "centroid_lon": 84.76613532646904, "centroid_lat": 22.31101904866936, "area_sqkm": 2.48841124280862}, "geometry": {"type": "Polygon", "coordinates": [[[84.7678256, 22.3170288], [84.7677827, 22.3162745], [84.7662377, 22.3161355], [84.7662377, 22.3153812], [84.7622466, 22.3142497], [84.7581911, 22.3148055], [84.7550154, 22.314746], [84.7548866, 22.3128601], [84.7528696, 22.3124234], [84.7532129, 22.3080065], [84.7551334, 22.3078675], [84.7554445, 22.3068154], [84.7559595, 22.3070139], [84.7565067, 22.3070139], [84.7577834, 22.3067856], [84.7587812, 22.3062893], [84.7601437, 22.3063985], [84.7611737, 22.3069047], [84.7652292, 22.3070734], [84.7671604, 22.3071131], [84.7726214, 22.3069444], [84.7758829, 22.3064282], [84.7781896, 22.306458], [84.7781467, 22.306994], [84.7785866, 22.3072124], [84.7781896, 22.3090884], [84.7788226, 22.3094755], [84.7783399, 22.309942], [84.7781575, 22.3114705], [84.7779, 22.3114705], [84.7778678, 22.3123043], [84.7761941, 22.3123539], [84.7762692, 22.3151033], [84.7740698, 22.3157385], [84.7678256, 22.3170288]]]}, "id": "way/663606005"}, {"type": "Feature", "properties": {"@id": "way/663606015", "landuse": "industrial", "coal_industrial_zone": "Rourkela_OD", "centroid_lon": 84.75507347909338, "centroid_lat": 22.23297030594682, "area_sqkm": 0.03424915922898963}, "geometry": {"type": "Polygon", "coordinates": [[[84.7540498, 22.232053], [84.7550261, 22.232053], [84.7559702, 22.2325198], [84.7559166, 22.2338009], [84.7545433, 22.2340095], [84.7544789, 22.2329171], [84.7541892, 22.2328972], [84.7540498, 22.232053]]]}, "id": "way/663606015"}, {"type": "Feature", "properties": {"@id": "way/663606016", "landuse": "industrial", "coal_industrial_zone": "Rourkela_OD", "centroid_lon": 84.76934811215311, "centroid_lat": 22.23529224675386, "area_sqkm": 0.15657912176254352}, "geometry": {"type": "Polygon", "coordinates": [[[84.7667098, 22.2365121], [84.7664523, 22.2338009], [84.7670424, 22.2338009], [84.7680509, 22.2342776], [84.7692311, 22.2341585], [84.7705936, 22.2343074], [84.772042, 22.2344763], [84.772321, 22.2347742], [84.7727179, 22.2363433], [84.7696602, 22.2363234], [84.7667098, 22.2365121]]]}, "id": "way/663606016"}, {"type": "Feature", "properties": {"@id": "way/663606017", "landuse": "industrial", "coal_industrial_zone": "Rourkela_OD", "centroid_lon": 84.77069536896336, "centroid_lat": 22.22533468638226, "area_sqkm": 1.0046559666803403}, "geometry": {"type": "Polygon", "coordinates": [[[84.7659159, 22.229749], [84.7657013, 22.2226677], [84.7656262, 22.219698], [84.7678041, 22.2196782], [84.7678471, 22.2215057], [84.7705936, 22.2214064], [84.7705722, 22.2205919], [84.7728467, 22.2204529], [84.7732758, 22.2217838], [84.7732222, 22.2219427], [84.7718274, 22.2220917], [84.771409, 22.224088], [84.772557, 22.2244654], [84.7729862, 22.2227968], [84.7733295, 22.2227869], [84.7753787, 22.2231345], [84.7756684, 22.2255479], [84.776752, 22.2256969], [84.7780716, 22.2268589], [84.7780824, 22.2286565], [84.7746169, 22.2287658], [84.7712266, 22.2290041], [84.7688234, 22.2293219], [84.7679436, 22.2294014], [84.7670853, 22.2296795], [84.7659159, 22.229749]]]}, "id": "way/663606017"}, {"type": "Feature", "properties": {"@id": "way/663606018", "landuse": "industrial", "coal_industrial_zone": "Rourkela_OD", "centroid_lon": 84.76449503743683, "centroid_lat": 22.225200803983444, "area_sqkm": 0.2347840867805751}, "geometry": {"type": "Polygon", "coordinates": [[[84.7644031, 22.2310003], [84.7637057, 22.2267497], [84.7633946, 22.2225187], [84.763298, 22.2213666], [84.7627723, 22.2213865], [84.7625899, 22.2204032], [84.7649181, 22.2203436], [84.7652614, 22.2205919], [84.7656155, 22.2311791], [84.764843, 22.2311394], [84.764843, 22.2310202], [84.7644031, 22.2310003]]]}, "id": "way/663606018"}, {"type": "Feature", "properties": {"@id": "way/663622844", "landuse": "industrial", "coal_industrial_zone": "Raniganj_Coalfield_WB", "centroid_lon": 87.14986628038173, "centroid_lat": 23.61409377400023, "area_sqkm": 0.39878632889220766}, "geometry": {"type": "Polygon", "coordinates": [[[87.1467767, 23.6181785], [87.1466473, 23.6177569], [87.1464032, 23.6176881], [87.1458533, 23.618246], [87.1456146, 23.6180592], [87.1455596, 23.6179265], [87.1455932, 23.617881], [87.1452867, 23.6176291], [87.1470189, 23.6153771], [87.1464895, 23.61502], [87.1476638, 23.6133947], [87.1477903, 23.6132744], [87.14862, 23.6124858], [87.1488118, 23.6123035], [87.1506384, 23.6110428], [87.1519813, 23.6102322], [87.1531744, 23.6097168], [87.1533935, 23.6104897], [87.153996, 23.6116942], [87.1529772, 23.6133204], [87.1519145, 23.6153981], [87.1501837, 23.6156491], [87.1500314, 23.6147429], [87.1499936, 23.6147718], [87.1496218, 23.615056], [87.1494177, 23.6154027], [87.1496084, 23.6158572], [87.1498123, 23.6158105], [87.1502056, 23.6165525], [87.1495483, 23.616974], [87.1493073, 23.6174358], [87.1482008, 23.6176766], [87.147434, 23.6180982], [87.1467767, 23.6181785]]]}, "id": "way/663622844"}, {"type": "Feature", "properties": {"@id": "way/673060215", "industrial": "factory", "landuse": "industrial", "name": "Shri Mahavir Ferro Alloys Pvt. Ltd.", "coal_industrial_zone": "Rourkela_OD", "centroid_lon": 84.7529635735886, "centroid_lat": 22.219532807298386, "area_sqkm": 0.44756580655121997}, "geometry": {"type": "Polygon", "coordinates": [[[84.7503978, 22.2185719], [84.7521059, 22.2176791], [84.754644, 22.2157026], [84.7571102, 22.2152983], [84.7586743, 22.2154272], [84.7588415, 22.2158812], [84.757503, 22.2160373], [84.7556852, 22.2183099], [84.7558339, 22.2189406], [84.7571677, 22.2188517], [84.7571677, 22.2191005], [84.7559731, 22.2192026], [84.7560021, 22.2197361], [84.7551718, 22.2197889], [84.7551334, 22.2201576], [84.7534062, 22.2202331], [84.7535117, 22.2219342], [84.754289, 22.2218721], [84.7541834, 22.2226938], [84.7521971, 22.2227515], [84.752269, 22.2239907], [84.7530799, 22.2240262], [84.7530895, 22.2243149], [84.751986, 22.2245059], [84.7517509, 22.2246081], [84.7518084, 22.2253542], [84.7511415, 22.2255852], [84.7508824, 22.2255896], [84.7507989, 22.2252301], [84.7507721, 22.2234932], [84.7506809, 22.2234488], [84.7506953, 22.2232623], [84.7508184, 22.2227602], [84.7509448, 22.2227826], [84.7509496, 22.2222318], [84.7508274, 22.2216188], [84.750868, 22.2207883], [84.7508057, 22.2201354], [84.7500428, 22.220242], [84.7499516, 22.2200421], [84.7481572, 22.2203441], [84.7469097, 22.2205307], [84.7468474, 22.2199], [84.7477973, 22.2193492], [84.7498173, 22.2190694], [84.7499132, 22.2186874], [84.7503978, 22.2185719]]]}, "id": "way/673060215"}, {"type": "Feature", "properties": {"@id": "way/733870655", "landuse": "industrial", "name": "Jhanjra KB & RS Factory", "coal_industrial_zone": "Raniganj_Coalfield_WB", "centroid_lon": 87.2838857540223, "centroid_lat": 23.638193418520693, "area_sqkm": 0.02305286649759862}, "geometry": {"type": "Polygon", "coordinates": [[[87.2847467, 23.6382649], [87.2836578, 23.6392035], [87.2829443, 23.6382206], [87.2842586, 23.6371247], [87.284339, 23.6372918], [87.2843927, 23.6374638], [87.2844463, 23.6377145], [87.2845429, 23.6378177], [87.2847467, 23.6382649]]]}, "id": "way/733870655"}, {"type": "Feature", "properties": {"@id": "way/825700043", "landuse": "industrial", "coal_industrial_zone": "Jharia_Coalfield_JH", "centroid_lon": 86.500805943592, "centroid_lat": 23.662726993668542, "area_sqkm": 0.29815576041028097}, "geometry": {"type": "Polygon", "coordinates": [[[86.4971473, 23.665178], [86.4965308, 23.6647785], [86.4966488, 23.6645328], [86.4979684, 23.6643952], [86.5009189, 23.660435], [86.5026355, 23.6580274], [86.5028695, 23.6577365], [86.5037934, 23.6590706], [86.5034448, 23.6607871], [86.5027475, 23.662763], [86.4998494, 23.6668544], [86.4971473, 23.665178]]]}, "id": "way/825700043"}, {"type": "Feature", "properties": {"@id": "way/825940045", "landuse": "industrial", "coal_industrial_zone": "Dhanbad_Bokaro_JH", "centroid_lon": 86.18376310141214, "centroid_lat": 23.803487886664144, "area_sqkm": 0.20742089721083562}, "geometry": {"type": "Polygon", "coordinates": [[[86.175878, 23.8049392], [86.1758405, 23.8039919], [86.1829376, 23.803614], [86.1854589, 23.803457], [86.1856091, 23.801101], [86.1885381, 23.8017489], [86.1886775, 23.8036238], [86.188699, 23.8040754], [86.1797726, 23.8045956], [86.1786032, 23.804841], [86.175878, 23.8049392]]]}, "id": "way/825940045"}, {"type": "Feature", "properties": {"@id": "way/825940046", "landuse": "industrial", "coal_industrial_zone": "Dhanbad_Bokaro_JH", "centroid_lon": 86.19225936465607, "centroid_lat": 23.78875541366903, "area_sqkm": 0.6460257664444601}, "geometry": {"type": "Polygon", "coordinates": [[[86.1868215, 23.787701], [86.1870575, 23.7872101], [86.1879372, 23.7866113], [86.1905122, 23.7853645], [86.1913919, 23.7851976], [86.1964345, 23.7872789], [86.1979473, 23.789262], [86.1987519, 23.7897921], [86.198827, 23.7900277], [86.1956727, 23.79098], [86.1960053, 23.7915985], [86.1932695, 23.7920795], [86.1923039, 23.7909702], [86.1918211, 23.7919224], [86.1878514, 23.7904597], [86.1880231, 23.7895467], [86.1864674, 23.7891932], [86.1868215, 23.787701]]]}, "id": "way/825940046"}, {"type": "Feature", "properties": {"@id": "way/825940066", "landuse": "industrial", "man_made": "wastewater_plant", "coal_industrial_zone": "Jharia_Coalfield_JH", "centroid_lon": 86.37931350799218, "centroid_lat": 23.70769407765229, "area_sqkm": 0.09148321806879377}, "geometry": {"type": "Polygon", "coordinates": [[[86.378991, 23.7065449], [86.3806754, 23.7063631], [86.3808525, 23.706707], [86.3812709, 23.706707], [86.3814264, 23.7069575], [86.3818502, 23.706982], [86.3819575, 23.7072522], [86.3826066, 23.7072325], [86.3822365, 23.7074486], [86.3795006, 23.707871], [86.3794255, 23.7080626], [86.3791734, 23.7084359], [86.3795274, 23.7095606], [86.378476, 23.7095999], [86.3781273, 23.7096982], [86.3779557, 23.7081019], [86.3775319, 23.7081461], [86.3773602, 23.707262], [86.3778913, 23.7068445], [86.3787121, 23.706707], [86.378991, 23.7065449]]]}, "id": "way/825940066"}, {"type": "Feature", "properties": {"@id": "way/825940073", "landuse": "industrial", "coal_industrial_zone": "Jharia_Coalfield_JH", "centroid_lon": 86.39785336103536, "centroid_lat": 23.701540281312873, "area_sqkm": 0.2316738436472337}, "geometry": {"type": "Polygon", "coordinates": [[[86.3951111, 23.6996388], [86.3952184, 23.699403], [86.3979113, 23.7004345], [86.3992202, 23.7006801], [86.4005077, 23.7007882], [86.4015913, 23.7007587], [86.4020097, 23.7006801], [86.4018488, 23.7020653], [86.4016127, 23.7022716], [86.4010066, 23.702527], [86.4007598, 23.7027038], [86.401146, 23.7034652], [86.4006525, 23.7034946], [86.4005828, 23.7037402], [86.3992631, 23.7034897], [86.3982814, 23.7030919], [86.3970798, 23.7018393], [86.3964361, 23.7022421], [86.3958192, 23.7020211], [86.3955724, 23.701859], [86.3952398, 23.7016821], [86.3949233, 23.7017018], [86.3947946, 23.7020653], [86.3931048, 23.7020063], [86.393137, 23.7007931], [86.3946605, 23.7005819], [86.3951111, 23.6996388]]]}, "id": "way/825940073"}, {"type": "Feature", "properties": {"@id": "way/835422583", "landuse": "industrial", "coal_industrial_zone": "Talcher_Angul_OD", "centroid_lon": 85.2753220268501, "centroid_lat": 20.984256484787583, "area_sqkm": 0.20251398965521863}, "geometry": {"type": "Polygon", "coordinates": [[[85.2725422, 20.9835696], [85.2737117, 20.9829485], [85.2740765, 20.9823775], [85.2748489, 20.981546], [85.2756965, 20.9813257], [85.275675, 20.982077], [85.2765655, 20.9834794], [85.2777672, 20.98381], [85.2788186, 20.9855229], [85.2774346, 20.985543], [85.2758038, 20.9858234], [85.2736151, 20.986725], [85.273143, 20.9859837], [85.2737546, 20.9856031], [85.2725422, 20.9835696]]]}, "id": "way/835422583"}, {"type": "Feature", "properties": {"@id": "way/883407955", "landuse": "industrial", "coal_industrial_zone": "Bellary_Karnataka", "centroid_lon": 76.86624592307264, "centroid_lat": 15.072462010099724, "area_sqkm": 1.1183032787448004}, "geometry": {"type": "Polygon", "coordinates": [[[76.8710589, 15.0759648], [76.8711877, 15.0777178], [76.8703401, 15.0777385], [76.8683982, 15.0772723], [76.8683553, 15.0774277], [76.8663168, 15.0772412], [76.8662846, 15.0769511], [76.8657052, 15.0768994], [76.8639243, 15.0770651], [76.8630016, 15.0765678], [76.8629587, 15.0763503], [76.8605125, 15.0758323], [76.8615854, 15.0748792], [76.8624222, 15.0746928], [76.8643963, 15.0718749], [76.8644714, 15.0713984], [76.863141, 15.0716056], [76.8603301, 15.0728487], [76.8594932, 15.0713466], [76.8611884, 15.070321], [76.8611133, 15.069834], [76.8621325, 15.0670058], [76.8621111, 15.0635559], [76.8639886, 15.0660216], [76.8671644, 15.0685805], [76.8697286, 15.0711912], [76.8718529, 15.0731388], [76.874063, 15.0750243], [76.8748462, 15.0755733], [76.8749213, 15.075853], [76.8727648, 15.0759566], [76.8710589, 15.0759648]]]}, "id": "way/883407955"}, {"type": "Feature", "properties": {"@id": "way/883407957", "landuse": "industrial", "coal_industrial_zone": "Bellary_Karnataka", "centroid_lon": 76.86873957331063, "centroid_lat": 15.066784231566697, "area_sqkm": 0.5164120834795676}, "geometry": {"type": "Polygon", "coordinates": [[[76.8726575, 15.0623852], [76.8731618, 15.0637423], [76.8703723, 15.0644883], [76.8709087, 15.0669229], [76.8691599, 15.0678139], [76.8688166, 15.0681661], [76.868881, 15.0684251], [76.8695354, 15.0694714], [76.870619, 15.0695025], [76.8709624, 15.0699791], [76.871295, 15.0709736], [76.8718099, 15.0713155], [76.8722284, 15.0715434], [76.8746424, 15.0736879], [76.8738484, 15.0745788], [76.87078, 15.0719992], [76.8671858, 15.0683422], [76.864171, 15.0659491], [76.8639135, 15.0655864], [76.8623471, 15.0635869], [76.8655121, 15.0640117], [76.8662739, 15.0644054], [76.8667996, 15.0644572], [76.8668103, 15.0633694], [76.8679154, 15.063359], [76.8697822, 15.0626545], [76.8700182, 15.0631207], [76.8726575, 15.0623852]]]}, "id": "way/883407957"}, {"type": "Feature", "properties": {"@id": "way/883407958", "landuse": "industrial", "coal_industrial_zone": "Bellary_Karnataka", "centroid_lon": 76.86382154825546, "centroid_lat": 15.06013545842719, "area_sqkm": 0.04196477346490918}, "geometry": {"type": "Polygon", "coordinates": [[[76.8627763, 15.0592356], [76.863184, 15.0591838], [76.8645036, 15.0591217], [76.8649006, 15.0608726], [76.8632054, 15.0613077], [76.8627763, 15.0592356]]]}, "id": "way/883407958"}, {"type": "Feature", "properties": {"@id": "way/883407960", "landuse": "industrial", "coal_industrial_zone": "Bellary_Karnataka", "centroid_lon": 76.85417525341501, "centroid_lat": 15.05410306068816, "area_sqkm": 0.12865770680166283}, "geometry": {"type": "Polygon", "coordinates": [[[76.8507385, 15.0537031], [76.857326, 15.0529675], [76.8577123, 15.0538896], [76.8572187, 15.0545216], [76.8520796, 15.0551743], [76.8510175, 15.055195], [76.8507385, 15.0537031]]]}, "id": "way/883407960"}, {"type": "Feature", "properties": {"@id": "way/899963455", "description": "9630", "landuse": "industrial", "operator": "Rays Power Infra", "plant:method": "photovoltaic", "plant:output:electricity": "1 MW", "plant:source": "solar", "plant:type": "solar_photovoltaic_panel", "power": "plant", "source": "https://www.rayspowerinfra.com/solar-projects-and-parks/", "coal_industrial_zone": "Rourkela_OD", "centroid_lon": 84.84868857479053, "centroid_lat": 22.217470352026453, "area_sqkm": 0.019747952980984473}, "geometry": {"type": "Polygon", "coordinates": [[[84.8477125, 22.2173639], [84.8475891, 22.2168922], [84.8493325, 22.2170461], [84.8496115, 22.2181089], [84.8495954, 22.2181585], [84.8487371, 22.2180542], [84.8477125, 22.2173639]]]}, "id": "way/899963455"}, {"type": "Feature", "properties": {"@id": "way/907944598", "landuse": "industrial", "coal_industrial_zone": "Bellary_Karnataka", "centroid_lon": 76.91863715727983, "centroid_lat": 15.134984341002568, "area_sqkm": 0.07074284704114815}, "geometry": {"type": "Polygon", "coordinates": [[[76.9198401, 15.1365023], [76.9177266, 15.1365463], [76.9179252, 15.1325564], [76.9183087, 15.1325823], [76.9185179, 15.1329862], [76.9188774, 15.1335894], [76.9192019, 15.1341384], [76.9192395, 15.1347598], [76.9195828, 15.134739], [76.9196767, 15.1350239], [76.9195613, 15.1350239], [76.9195774, 15.1352828], [76.9197544, 15.1352802], [76.9199368, 15.1365023], [76.9198401, 15.1365023]]]}, "id": "way/907944598"}, {"type": "Feature", "properties": {"@id": "way/925372111", "landuse": "industrial", "name": "Rourkela Works II Power Plant", "plant:method": "combustion", "plant:output:electricity": "yes", "plant:source": "coal", "power": "plant", "coal_industrial_zone": "Rourkela_OD", "centroid_lon": 84.87856230400982, "centroid_lat": 22.221854917626445, "area_sqkm": 0.3560292467456526}, "geometry": {"type": "Polygon", "coordinates": [[[84.8748013, 22.2234524], [84.8752666, 22.2193711], [84.8797076, 22.2197664], [84.8807661, 22.2203369], [84.8810065, 22.2206049], [84.8815219, 22.2209323], [84.8825921, 22.2210707], [84.882217, 22.2241772], [84.8748013, 22.2234524]]]}, "id": "way/925372111"}, {"type": "Feature", "properties": {"@id": "way/928075487", "landuse": "industrial", "coal_industrial_zone": "Talcher_Angul_OD", "centroid_lon": 85.21071655, "centroid_lat": 20.959367000000004, "area_sqkm": 0.09887153719909399}, "geometry": {"type": "Polygon", "coordinates": [[[85.2083945, 20.9590451], [85.2124393, 20.9578779], [85.2130386, 20.9596889], [85.2089938, 20.9608561], [85.2083945, 20.9590451]]]}, "id": "way/928075487"}, {"type": "Feature", "properties": {"@id": "way/928075503", "landuse": "industrial", "coal_industrial_zone": "Talcher_Angul_OD", "centroid_lon": 85.10572128362178, "centroid_lat": 20.91378440391791, "area_sqkm": 0.1137134411514465}, "geometry": {"type": "Polygon", "coordinates": [[[85.1033807, 20.9145442], [85.1082945, 20.9108661], [85.1085305, 20.9109864], [85.1069856, 20.9139529], [85.104593, 20.9158972], [85.1036167, 20.9161477], [85.1033807, 20.9145442]]]}, "id": "way/928075503"}, {"type": "Feature", "properties": {"@id": "way/936986288", "landuse": "industrial", "name": "Bokaro Works Power Plant", "plant:method": "combustion", "plant:output:electricity": "yes", "plant:source": "coal", "power": "plant", "source": "http://globalenergyobservatory.org/geoid/2390", "coal_industrial_zone": "Dhanbad_Bokaro_JH", "centroid_lon": 86.0922689916039, "centroid_lat": 23.68709614441518, "area_sqkm": 0.23145855943051372}, "geometry": {"type": "Polygon", "coordinates": [[[86.0921419, 23.683582], [86.0949174, 23.6844887], [86.093062, 23.6890124], [86.0917448, 23.6903508], [86.0907205, 23.6907442], [86.089694, 23.6904436], [86.090915, 23.6873917], [86.0906099, 23.6872794], [86.0921419, 23.683582]]]}, "id": "way/936986288"}, {"type": "Feature", "properties": {"@id": "way/966220651", "landuse": "industrial", "coal_industrial_zone": "Korba_Industrial_CG", "centroid_lon": 82.63174225356653, "centroid_lat": 22.367863051885042, "area_sqkm": 0.1896199870115692}, "geometry": {"type": "Polygon", "coordinates": [[[82.6318324, 22.3644136], [82.6333022, 22.3668246], [82.6333129, 22.3676183], [82.6331413, 22.369057], [82.6329374, 22.3692852], [82.6323902, 22.3696026], [82.6322508, 22.3697911], [82.6318002, 22.3719342], [82.6313013, 22.3720954], [82.6307353, 22.3720532], [82.6304926, 22.3720545], [82.6304872, 22.371861], [82.6309419, 22.364741], [82.6314783, 22.3642449], [82.63165, 22.3616454], [82.6318055, 22.3616094], [82.6319611, 22.3616752], [82.6318324, 22.3644136]]]}, "id": "way/966220651"}, {"type": "Feature", "properties": {"@id": "way/969882286", "imagery_used": "MaxarPremium, retreived 08/2021", "landuse": "industrial", "source": "MaxarPremium", "coal_industrial_zone": "Korba_Industrial_CG", "centroid_lon": 82.65947717705838, "centroid_lat": 22.342401466140164, "area_sqkm": 3.1472995971041287}, "geometry": {"type": "Polygon", "coordinates": [[[82.6772904, 22.3394977], [82.6773324, 22.3401472], [82.6775587, 22.340882], [82.6781058, 22.3415171], [82.6797098, 22.3419438], [82.6802033, 22.3421224], [82.6805198, 22.3426087], [82.6800585, 22.3433331], [82.6772368, 22.3445387], [82.6758581, 22.3457444], [82.6749784, 22.3465184], [82.6741415, 22.3481111], [82.6734602, 22.3496094], [82.6719046, 22.3504132], [82.6719367, 22.3463646], [82.6701129, 22.3465829], [82.6601779, 22.3463497], [82.6540277, 22.3452855], [82.6514715, 22.3455509], [82.6472551, 22.3474313], [82.6443958, 22.3467764], [82.6436984, 22.3452879], [82.6441437, 22.3442758], [82.6437253, 22.3437151], [82.6440364, 22.3427079], [82.6437896, 22.340232], [82.6454902, 22.3386244], [82.6468956, 22.3380141], [82.6474804, 22.3370366], [82.6476949, 22.3361732], [82.6479739, 22.3340644], [82.6471692, 22.3331365], [82.6468527, 22.3326551], [82.6475125, 22.330705], [82.6480812, 22.3304073], [82.6488322, 22.3295241], [82.6496798, 22.3292362], [82.6510222, 22.3293073], [82.6475501, 22.3322929], [82.6483655, 22.3338113], [82.6489127, 22.3366396], [82.650758, 22.3368778], [82.6532364, 22.336977], [82.6593518, 22.3382473], [82.6606822, 22.3410656], [82.6646518, 22.3420182], [82.6712179, 22.3409266], [82.6722264, 22.3398152], [82.6772904, 22.3394977]]]}, "id": "way/969882286"}, {"type": "Feature", "properties": {"@id": "way/974476573", "landuse": "industrial", "coal_industrial_zone": "Raniganj_Coalfield_WB", "centroid_lon": 87.28922504525028, "centroid_lat": 23.61650962957839, "area_sqkm": 0.0252266110586531}, "geometry": {"type": "Polygon", "coordinates": [[[87.2888258, 23.6173391], [87.2882143, 23.6159924], [87.2897243, 23.6157466], [87.2901025, 23.6162062], [87.2898209, 23.6163045], [87.290065, 23.6168771], [87.2901025, 23.6170786], [87.2888258, 23.6173391]]]}, "id": "way/974476573"}, {"type": "Feature", "properties": {"@id": "way/974476574", "landuse": "industrial", "coal_industrial_zone": null, "centroid_lon": 87.30136059956799, "centroid_lat": 23.590879214571665, "area_sqkm": 0.2315999101314751}, "geometry": {"type": "Polygon", "coordinates": [[[87.2988224, 23.593393], [87.298345, 23.5923361], [87.2983718, 23.5919231], [87.2982484, 23.5916822], [87.2983772, 23.5914709], [87.2982055, 23.5912545], [87.2981572, 23.5909252], [87.2982055, 23.5907384], [87.2985327, 23.5904581], [87.2989243, 23.5899862], [87.298978, 23.5898633], [87.3003459, 23.5893323], [87.3003942, 23.5894749], [87.3043477, 23.5888407], [87.3045623, 23.5895831], [87.3048735, 23.5906695], [87.3051953, 23.590935], [87.3014027, 23.5924442], [87.3013544, 23.5922918], [87.2988224, 23.593393]]]}, "id": "way/974476574"}, {"type": "Feature", "properties": {"@id": "way/974481150", "landuse": "industrial", "coal_industrial_zone": "Raniganj_Coalfield_WB", "centroid_lon": 86.90184999685383, "centroid_lat": 23.738127089617517, "area_sqkm": 0.09259696112577462}, "geometry": {"type": "Polygon", "coordinates": [[[86.9020003, 23.7400829], [86.9003186, 23.7380463], [86.9002797, 23.7378732], [86.9002837, 23.7375356], [86.9010079, 23.7360611], [86.9013512, 23.7360071], [86.90148, 23.7360759], [86.9017428, 23.7364393], [86.9022042, 23.7368861], [86.9024187, 23.737058], [86.9026454, 23.7375147], [86.9025904, 23.7378535], [86.9031268, 23.7379861], [86.9031, 23.7381727], [86.9038671, 23.7392285], [86.9032502, 23.7396311], [86.9029981, 23.739366], [86.9020003, 23.7400829]]]}, "id": "way/974481150"}, {"type": "Feature", "properties": {"@id": "way/974481151", "landuse": "industrial", "coal_industrial_zone": "Raniganj_Coalfield_WB", "centroid_lon": 86.94132611345562, "centroid_lat": 23.711192272387077, "area_sqkm": 0.1143207618463264}, "geometry": {"type": "Polygon", "coordinates": [[[86.9397068, 23.7128809], [86.9395459, 23.7123062], [86.9395727, 23.7121736], [86.9394654, 23.7120459], [86.9392669, 23.7120754], [86.9389343, 23.7115548], [86.9387197, 23.7114909], [86.9391757, 23.7097718], [86.9394386, 23.7099241], [86.9395995, 23.7104447], [86.9402432, 23.7103367], [86.9402862, 23.7105675], [86.9404793, 23.7107542], [86.9405973, 23.7107591], [86.940946, 23.7109113], [86.9414395, 23.7113141], [86.9420457, 23.7107345], [86.9421154, 23.7104251], [86.9419652, 23.7103662], [86.9421798, 23.7100125], [86.9420457, 23.7098701], [86.9424105, 23.7095999], [86.9437677, 23.709595], [86.9437462, 23.7108475], [86.9436067, 23.7113681], [86.9436604, 23.7116677], [86.9431722, 23.71182], [86.941992, 23.7120459], [86.9412196, 23.7124241], [86.9405061, 23.7126648], [86.9397068, 23.7128809]]]}, "id": "way/974481151"}, {"type": "Feature", "properties": {"@id": "way/974481152", "landuse": "industrial", "coal_industrial_zone": "Raniganj_Coalfield_WB", "centroid_lon": 86.96458513722557, "centroid_lat": 23.72666534090546, "area_sqkm": 0.012338588535514746}, "geometry": {"type": "Polygon", "coordinates": [[[86.9641069, 23.72718], [86.9640854, 23.7261511], [86.9650671, 23.7261585], [86.9650859, 23.7271726], [86.9641069, 23.72718]]]}, "id": "way/974481152"}, {"type": "Feature", "properties": {"@id": "way/974481155", "landuse": "industrial", "coal_industrial_zone": "Raniganj_Coalfield_WB", "centroid_lon": 87.09403177176247, "centroid_lat": 23.68707876283454, "area_sqkm": 0.028632496032912524}, "geometry": {"type": "Polygon", "coordinates": [[[87.0955619, 23.6868915], [87.0945293, 23.6875571], [87.0936415, 23.688068], [87.0931774, 23.687196], [87.0930514, 23.6868559], [87.0930018, 23.6865022], [87.0932297, 23.6864444], [87.0938145, 23.6864014], [87.0943569, 23.6864389], [87.0944669, 23.6864629], [87.0949021, 23.686808], [87.0955619, 23.6868915]]]}, "id": "way/974481155"}, {"type": "Feature", "properties": {"@id": "way/974481156", "landuse": "industrial", "coal_industrial_zone": "Raniganj_Coalfield_WB", "centroid_lon": 87.09007153336937, "centroid_lat": 23.684967903891582, "area_sqkm": 0.021821227795816325}, "geometry": {"type": "Polygon", "coordinates": [[[87.0898864, 23.6855307], [87.0895538, 23.6851475], [87.0894331, 23.6851131], [87.0888564, 23.6851082], [87.0887518, 23.6849535], [87.088953, 23.6848822], [87.0889717, 23.6846956], [87.0897442, 23.6844156], [87.0897254, 23.6843222], [87.089889, 23.684224], [87.090345, 23.6846907], [87.0907581, 23.6844745], [87.091198, 23.6853391], [87.0905462, 23.6855602], [87.0902887, 23.6855209], [87.0898864, 23.6855307]]]}, "id": "way/974481156"}, {"type": "Feature", "properties": {"@id": "way/974481157", "landuse": "industrial", "coal_industrial_zone": "Raniganj_Coalfield_WB", "centroid_lon": 87.09683193615267, "centroid_lat": 23.67190152827553, "area_sqkm": 0.011572994430961029}, "geometry": {"type": "Polygon", "coordinates": [[[87.0961568, 23.6721426], [87.0965543, 23.6713057], [87.0974797, 23.6716545], [87.0972167, 23.6724255], [87.0967233, 23.6723497], [87.0964885, 23.6722897], [87.0961568, 23.6721426]]]}, "id": "way/974481157"}, {"type": "Feature", "properties": {"@id": "way/974481160", "landuse": "industrial", "coal_industrial_zone": "Raniganj_Coalfield_WB", "centroid_lon": 87.13124369307515, "centroid_lat": 23.625653977712826, "area_sqkm": 0.027157909204110056}, "geometry": {"type": "Polygon", "coordinates": [[[87.1307284, 23.6261295], [87.1304709, 23.6262057], [87.1305299, 23.625579], [87.1304548, 23.6253407], [87.1306881, 23.625235], [87.1307364, 23.6250876], [87.1311119, 23.6246649], [87.1313506, 23.6245887], [87.1322384, 23.6256478], [87.1315384, 23.6263433], [87.1310958, 23.6266775], [87.1308169, 23.6267242], [87.1307284, 23.6261295]]]}, "id": "way/974481160"}, {"type": "Feature", "properties": {"@id": "way/974481168", "landuse": "industrial", "coal_industrial_zone": "Raniganj_Coalfield_WB", "centroid_lon": 87.27229542903804, "centroid_lat": 23.646121973305355, "area_sqkm": 0.017431361394836635}, "geometry": {"type": "Polygon", "coordinates": [[[87.2721854, 23.6468387], [87.2717991, 23.6459837], [87.2717294, 23.6455832], [87.2712412, 23.6456028], [87.2712386, 23.6453891], [87.2722766, 23.6453915], [87.2722739, 23.6455537], [87.2725823, 23.6456544], [87.2728586, 23.6459272], [87.2729069, 23.6464087], [87.2729015, 23.6470156], [87.2721854, 23.6468387]]]}, "id": "way/974481168"}, {"type": "Feature", "properties": {"@id": "way/974481169", "landuse": "industrial", "coal_industrial_zone": "Raniganj_Coalfield_WB", "centroid_lon": 87.2864590141942, "centroid_lat": 23.639601239053906, "area_sqkm": 0.015411257485948869}, "geometry": {"type": "Polygon", "coordinates": [[[87.2862809, 23.6392404], [87.2869107, 23.6389933], [87.2870904, 23.6390179], [87.2873533, 23.6397575], [87.2863662, 23.6400253], [87.2862911, 23.6399835], [87.2857819, 23.6401882], [87.285457, 23.639701], [87.2862809, 23.6392404]]]}, "id": "way/974481169"}, {"type": "Feature", "properties": {"@id": "way/974481170", "landuse": "industrial", "name": "Jhanjra KB & RS Factory", "coal_industrial_zone": "Raniganj_Coalfield_WB", "centroid_lon": 87.28502469739013, "centroid_lat": 23.63910557208246, "area_sqkm": 0.031246682522717784}, "geometry": {"type": "Polygon", "coordinates": [[[87.2836578, 23.6392035], [87.2847467, 23.6382649], [87.2861576, 23.6387661], [87.2862809, 23.6392404], [87.285457, 23.639701], [87.2849667, 23.639975], [87.2846502, 23.6397785], [87.2836578, 23.6392035]]]}, "id": "way/974481170"}, {"type": "Feature", "properties": {"@id": "way/974481171", "landuse": "industrial", "coal_industrial_zone": "Raniganj_Coalfield_WB", "centroid_lon": 87.28625762739178, "centroid_lat": 23.64057534197546, "area_sqkm": 0.03055728942934332}, "geometry": {"type": "Polygon", "coordinates": [[[87.2847998, 23.640583], [87.2857819, 23.6401882], [87.2862911, 23.6399835], [87.2863662, 23.6400253], [87.2873533, 23.6397575], [87.2875732, 23.6402759], [87.2876403, 23.6405314], [87.2867176, 23.6406543], [87.2869134, 23.6411752], [87.2867686, 23.6412244], [87.2862911, 23.6413054], [87.2859773, 23.6412907], [87.2856179, 23.6411384], [87.2851834, 23.641018], [87.2848535, 23.6409639], [87.2847998, 23.640583]]]}, "id": "way/974481171"}, {"type": "Feature", "properties": {"@id": "way/974481172", "landuse": "industrial", "coal_industrial_zone": "Raniganj_Coalfield_WB", "centroid_lon": 87.27473956521703, "centroid_lat": 23.63612045072988, "area_sqkm": 0.024209504315344875}, "geometry": {"type": "Polygon", "coordinates": [[[87.2739369, 23.6351687], [87.2748837, 23.6349758], [87.2750983, 23.6362069], [87.2753021, 23.6361872], [87.2755355, 23.6372069], [87.274873, 23.6373126], [87.2747657, 23.6368777], [87.2745725, 23.6369072], [87.2743848, 23.6368162], [87.2746021, 23.6363395], [87.274256, 23.6362511], [87.2740415, 23.6361356], [87.2740965, 23.6359918], [87.274071, 23.635971], [87.2741514, 23.6356614], [87.2740106, 23.6353714], [87.2739181, 23.6353444], [87.2739369, 23.6351687]]]}, "id": "way/974481172"}, {"type": "Feature", "properties": {"@id": "way/974481211", "landuse": "industrial", "man_made": "works", "coal_industrial_zone": "Raniganj_Coalfield_WB", "centroid_lon": 87.23237009309548, "centroid_lat": 23.562189187846723, "area_sqkm": 0.173102132463851}, "geometry": {"type": "Polygon", "coordinates": [[[87.2345374, 23.5631991], [87.2322273, 23.5636394], [87.2319925, 23.5628316], [87.2294717, 23.5627615], [87.2270498, 23.5632905], [87.2268238, 23.5624184], [87.2284928, 23.5620731], [87.23593, 23.5605992], [87.2359855, 23.5608331], [87.2362626, 23.5620006], [87.2345374, 23.5631991]]]}, "id": "way/974481211"}, {"type": "Feature", "properties": {"@id": "way/985843346", "description": "underground mine", "industrial": "mine", "landuse": "industrial", "name": "Jhanjhara Project Colly", "operator": "Eastern Coalfields Limited (ECL)", "resource": "coal", "coal_industrial_zone": "Raniganj_Coalfield_WB", "centroid_lon": 87.29609191387331, "centroid_lat": 23.667945069423265, "area_sqkm": 0.07301015031471415}, "geometry": {"type": "Polygon", "coordinates": [[[87.2945201, 23.6685126], [87.2957861, 23.6660559], [87.2973633, 23.6670976], [87.2968483, 23.6681097], [87.2974062, 23.6690432], [87.2968912, 23.6696229], [87.2963655, 23.6694461], [87.2945201, 23.6685126]]]}, "id": "way/985843346"}, {"type": "Feature", "properties": {"@id": "way/986314149", "description": "underground mine", "industrial": "mine", "landuse": "industrial", "name": "Nandira", "operator": "MCL", "resource": "coal", "coal_industrial_zone": "Talcher_Angul_OD", "centroid_lon": 85.12441211063049, "centroid_lat": 20.927502981711722, "area_sqkm": 0.07035340881563246}, "geometry": {"type": "Polygon", "coordinates": [[[85.123288, 20.9283087], [85.1230184, 20.9280544], [85.1227516, 20.9278027], [85.1228535, 20.9274369], [85.1238942, 20.9264448], [85.1245433, 20.9259037], [85.1257342, 20.927026], [85.1262277, 20.9275421], [85.1242483, 20.9290052], [85.123288, 20.9283087]]]}, "id": "way/986314149"}, {"type": "Feature", "properties": {"@id": "way/987918498", "landuse": "industrial", "name": "Durgapur SAIL power station", "operator": "NTPC-Sail Power Co Ltd", "plant:method": "combustion", "plant:output:electricity": "120 MW", "plant:source": "coal", "power": "plant", "ref": "https://www.gem.wiki/Durgapur_SAIL_power_station", "start_date": "1987", "coal_industrial_zone": "Raniganj_Coalfield_WB", "centroid_lon": 87.2484993090609, "centroid_lat": 23.551108581555802, "area_sqkm": 0.24598556942503766}, "geometry": {"type": "Polygon", "coordinates": [[[87.2454893, 23.553474], [87.2480757, 23.5483868], [87.2517817, 23.5481436], [87.2483539, 23.5544968], [87.2454893, 23.553474]]]}, "id": "way/987918498"}, {"type": "Feature", "properties": {"@id": "way/988613829", "landuse": "industrial", "coal_industrial_zone": "Raniganj_Coalfield_WB", "centroid_lon": 87.19260628677795, "centroid_lat": 23.64149213046589, "area_sqkm": 0.04688188077542218}, "geometry": {"type": "Polygon", "coordinates": [[[87.1923387, 23.6405536], [87.1930361, 23.6406764], [87.1935457, 23.6404209], [87.1937764, 23.6404405], [87.1939963, 23.6411629], [87.1939748, 23.6415855], [87.1934974, 23.641959], [87.1927142, 23.6423915], [87.1924031, 23.6421261], [87.1920597, 23.6421556], [87.1913731, 23.642475], [87.1909171, 23.6422834], [87.1909064, 23.6420868], [87.191003, 23.6415462], [87.1912712, 23.6417133], [87.1914589, 23.6416249], [87.1919364, 23.6411384], [87.1923387, 23.6405536]]]}, "id": "way/988613829"}, {"type": "Feature", "properties": {"@id": "way/988613830", "landuse": "industrial", "coal_industrial_zone": "Raniganj_Coalfield_WB", "centroid_lon": 87.19062929006068, "centroid_lat": 23.634756663166172, "area_sqkm": 0.03209857999589585}, "geometry": {"type": "Polygon", "coordinates": [[[87.1894982, 23.6349045], [87.1894607, 23.6348677], [87.1894795, 23.6347129], [87.1898174, 23.6340027], [87.1901152, 23.6339266], [87.190547, 23.6340027], [87.1908796, 23.6340273], [87.1913838, 23.6345335], [87.1916869, 23.6344426], [87.1918505, 23.6346392], [87.1917218, 23.6347129], [87.1915635, 23.635138], [87.1916735, 23.6355262], [87.1916413, 23.6356122], [87.1914241, 23.6355999], [87.1910459, 23.6355115], [87.1904719, 23.6353665], [87.1899757, 23.635251], [87.1894982, 23.6349045]]]}, "id": "way/988613830"}, {"type": "Feature", "properties": {"@id": "way/988613831", "landuse": "industrial", "coal_industrial_zone": "Raniganj_Coalfield_WB", "centroid_lon": 87.17265683562177, "centroid_lat": 23.634982133690453, "area_sqkm": 0.04262568015993142}, "geometry": {"type": "Polygon", "coordinates": [[[87.1717554, 23.63531], [87.171734, 23.6354377], [87.1715355, 23.6353935], [87.1715301, 23.6348824], [87.1717125, 23.6345335], [87.1715569, 23.6341403], [87.1717018, 23.6338553], [87.1720397, 23.6338406], [87.1725815, 23.6339634], [87.1731824, 23.6344696], [87.1734828, 23.6345089], [87.1738744, 23.635138], [87.1736008, 23.6354672], [87.1735042, 23.6363076], [87.1729034, 23.6361847], [87.1726513, 23.635826], [87.1723455, 23.6354623], [87.1717554, 23.63531]]]}, "id": "way/988613831"}, {"type": "Feature", "properties": {"@id": "way/988613832", "landuse": "industrial", "coal_industrial_zone": "Raniganj_Coalfield_WB", "centroid_lon": 87.17328160043557, "centroid_lat": 23.638033444308043, "area_sqkm": 0.0380564450104909}, "geometry": {"type": "Polygon", "coordinates": [[[87.1727371, 23.6386468], [87.1725225, 23.6385043], [87.1722543, 23.6380866], [87.172308, 23.6379097], [87.1720076, 23.6374477], [87.1719861, 23.6372905], [87.1725333, 23.6371037], [87.1729463, 23.6372905], [87.1735793, 23.6371578], [87.17381, 23.6374133], [87.1741104, 23.6372806], [87.1744269, 23.6382684], [87.1738315, 23.6383864], [87.1737778, 23.6385436], [87.1743196, 23.6392906], [87.1737456, 23.6394233], [87.1732682, 23.638578], [87.1731234, 23.6384994], [87.1730429, 23.6386468], [87.1727371, 23.6386468]]]}, "id": "way/988613832"}, {"type": "Feature", "properties": {"@id": "way/988613833", "landuse": "industrial", "coal_industrial_zone": "Raniganj_Coalfield_WB", "centroid_lon": 87.17165854528383, "centroid_lat": 23.63868025234448, "area_sqkm": 0.032800032884349975}, "geometry": {"type": "Polygon", "coordinates": [[[87.1712083, 23.6394773], [87.1710581, 23.6391923], [87.1707255, 23.6385092], [87.1709454, 23.6382733], [87.1708488, 23.6378655], [87.1710473, 23.6374969], [87.1713746, 23.637836], [87.1718681, 23.6376296], [87.1721256, 23.637949], [87.1720719, 23.6380915], [87.1722811, 23.638406], [87.1726459, 23.6389761], [87.1723509, 23.6394184], [87.1723187, 23.6397919], [87.1719968, 23.6397869], [87.1715301, 23.639438], [87.1712083, 23.6394773]]]}, "id": "way/988613833"}, {"type": "Feature", "properties": {"@id": "way/988613834", "landuse": "industrial", "coal_industrial_zone": "Raniganj_Coalfield_WB", "centroid_lon": 87.16996647816192, "centroid_lat": 23.636593813266217, "area_sqkm": 0.0342563081196318}, "geometry": {"type": "Polygon", "coordinates": [[[87.1698457, 23.6377893], [87.1696418, 23.6376099], [87.169387, 23.6375116], [87.1693602, 23.637374], [87.1693763, 23.6370841], [87.1694085, 23.636858], [87.1692234, 23.6363838], [87.1689203, 23.6364526], [87.1688157, 23.6361282], [87.1689901, 23.6360889], [87.169084, 23.6360103], [87.1694863, 23.6356515], [87.1701005, 23.6355754], [87.1702775, 23.6361282], [87.1705109, 23.635971], [87.1708998, 23.635885], [87.1711573, 23.6364452], [87.170814, 23.6367057], [87.170468, 23.6368162], [87.170358, 23.63703], [87.1704358, 23.6375681], [87.1702105, 23.6377966], [87.1698457, 23.6377893]]]}, "id": "way/988613834"}, {"type": "Feature", "properties": {"@id": "way/988613835", "landuse": "industrial", "coal_industrial_zone": "Raniganj_Coalfield_WB", "centroid_lon": 87.17022874426337, "centroid_lat": 23.639266000151014, "area_sqkm": 0.027219938416048927}, "geometry": {"type": "Polygon", "coordinates": [[[87.1701729, 23.6402636], [87.1699315, 23.6400228], [87.1696311, 23.639669], [87.1694984, 23.6392832], [87.1694997, 23.6389294], [87.169544, 23.638653], [87.1695909, 23.6383569], [87.1696351, 23.6382979], [87.1702373, 23.6382537], [87.17035, 23.6384945], [87.1704787, 23.6384404], [87.1710044, 23.6394528], [87.1710902, 23.6400916], [87.1706879, 23.6402047], [87.1703821, 23.639841], [87.1702963, 23.6398803], [87.1703929, 23.6401653], [87.1701729, 23.6402636]]]}, "id": "way/988613835"}, {"type": "Feature", "properties": {"@id": "way/988613836", "landuse": "industrial", "coal_industrial_zone": "Raniganj_Coalfield_WB", "centroid_lon": 87.16847345474153, "centroid_lat": 23.638965408746234, "area_sqkm": 0.04138682855988558}, "geometry": {"type": "Polygon", "coordinates": [[[87.167657, 23.6399196], [87.1676302, 23.6396493], [87.167421, 23.6393692], [87.1673781, 23.6386075], [87.1675926, 23.6383274], [87.1683168, 23.6380817], [87.1694756, 23.6381112], [87.1695614, 23.6381751], [87.1693951, 23.6396395], [87.169041, 23.6397919], [87.1685958, 23.6398312], [87.167657, 23.6399196]]]}, "id": "way/988613836"}, {"type": "Feature", "properties": {"@id": "way/988613837", "landuse": "industrial", "coal_industrial_zone": "Raniganj_Coalfield_WB", "centroid_lon": 87.166068540508, "centroid_lat": 23.639150760873267, "area_sqkm": 0.04294569022779895}, "geometry": {"type": "Polygon", "coordinates": [[[87.164771, 23.6389024], [87.1661496, 23.6382144], [87.1670777, 23.6379392], [87.1672654, 23.6385485], [87.1669435, 23.6386075], [87.1668523, 23.6390449], [87.1667826, 23.6394184], [87.1670455, 23.6396887], [87.1667826, 23.6397083], [87.1668416, 23.6399245], [87.1670455, 23.6398852], [87.1670777, 23.6401211], [87.1669704, 23.6401899], [87.16645, 23.6399933], [87.1659726, 23.6400474], [87.1654147, 23.6403324], [87.164771, 23.6389024]]]}, "id": "way/988613837"}, {"type": "Feature", "properties": {"@id": "way/988613840", "description": "underground mine", "industrial": "mine", "landuse": "industrial", "name": "Central Kajora", "operator": "Eastern Coalfields Limited (ECL)", "resource": "coal", "source": "https://doi.org/10.7910/DVN/TDEK8O, Harvard Dataverse, V1", "coal_industrial_zone": "Raniganj_Coalfield_WB", "centroid_lon": 87.18823430339164, "centroid_lat": 23.600290473177573, "area_sqkm": 0.018967009313061636}, "geometry": {"type": "Polygon", "coordinates": [[[87.1886802, 23.5995231], [87.1888652, 23.5995944], [87.1889886, 23.5997198], [87.1890235, 23.5999459], [87.1889511, 23.5999852], [87.1889243, 23.600172], [87.1889269, 23.6002531], [87.1888545, 23.6003391], [87.1889296, 23.6004915], [87.1888921, 23.6006759], [87.188715, 23.6008037], [87.1884763, 23.6008012], [87.1884039, 23.6005874], [87.1883878, 23.6005382], [87.1880016, 23.6006955], [87.1877924, 23.6007349], [87.1877682, 23.6008356], [87.1879345, 23.6008283], [87.1879828, 23.6009561], [87.1878138, 23.6011183], [87.1875483, 23.6011109], [87.1874464, 23.6010863], [87.1874142, 23.6007349], [87.1874544, 23.6005161], [87.1875134, 23.6002482], [87.1878996, 23.5999189], [87.1884254, 23.5995477], [87.1886802, 23.5995231]]]}, "id": "way/988613840"}, {"type": "Feature", "properties": {"@id": "way/988613841", "description": "underground mine", "industrial": "mine", "landuse": "industrial", "coal_industrial_zone": "Raniganj_Coalfield_WB", "centroid_lon": 87.20285158000394, "centroid_lat": 23.621020541045123, "area_sqkm": 0.010866288484320794}, "geometry": {"type": "Polygon", "coordinates": [[[87.2022951, 23.6213744], [87.2023594, 23.6211286], [87.2024667, 23.6208952], [87.2022575, 23.62047], [87.2024077, 23.6202783], [87.2025713, 23.6203226], [87.202507, 23.6204602], [87.2028691, 23.6206248], [87.2032097, 23.6208436], [87.2031882, 23.6209025], [87.2033277, 23.6210082], [87.2037756, 23.621254], [87.20314, 23.6214825], [87.2026893, 23.6214235], [87.2022951, 23.6213744]]]}, "id": "way/988613841"}, {"type": "Feature", "properties": {"@id": "way/988613850", "description": "underground mine", "industrial": "mine", "landuse": "industrial", "name": "Jambad UG", "operator": "Eastern Coalfields Limited (ECL)", "resource": "coal", "source": "https://doi.org/10.7910/DVN/TDEK8O, Harvard Dataverse, V1", "coal_industrial_zone": "Raniganj_Coalfield_WB", "centroid_lon": 87.17352830610035, "centroid_lat": 23.652341187501634, "area_sqkm": 0.06667197040592637}, "geometry": {"type": "Polygon", "coordinates": [[[87.1717715, 23.6527108], [87.1720129, 23.652131], [87.1724474, 23.651561], [87.1727157, 23.6513841], [87.1731073, 23.6510893], [87.1733969, 23.650647], [87.1735579, 23.6512072], [87.1738636, 23.6513595], [87.1743518, 23.6515413], [87.1745288, 23.6517968], [87.1746737, 23.651959], [87.1749741, 23.6523472], [87.1751672, 23.652755], [87.1751726, 23.6532562], [87.1746361, 23.6535265], [87.1741372, 23.6532759], [87.1731502, 23.6531727], [87.172265, 23.6530892], [87.1717715, 23.6527108]]]}, "id": "way/988613850"}, {"type": "Feature", "properties": {"@id": "way/988613851", "description": "underground mine", "industrial": "mine", "landuse": "industrial", "name": "MAOHUSUDANPUR 7 PIT & INCLINE", "operator": "Eastern Coalfields Limited (ECL)", "source": "https://doi.org/10.7910/DVN/TDEK8O, Harvard Dataverse, V1", "coal_industrial_zone": "Raniganj_Coalfield_WB", "centroid_lon": 87.19790828477691, "centroid_lat": 23.630107109033453, "area_sqkm": 0.0286174998972961}, "geometry": {"type": "Polygon", "coordinates": [[[87.1965873, 23.6307395], [87.1966276, 23.6307051], [87.196582, 23.6306387], [87.1964237, 23.6303807], [87.1968931, 23.6301251], [87.1978614, 23.6296214], [87.1981752, 23.6294248], [87.1982932, 23.6293265], [87.1988109, 23.6292921], [87.1990871, 23.6296411], [87.1992964, 23.6301079], [87.1989128, 23.6302406], [87.1984059, 23.6304839], [87.19832, 23.6303856], [87.1981323, 23.6304053], [87.1971881, 23.6308525], [87.1971318, 23.6307886], [87.1967831, 23.6309582], [87.1967, 23.6309262], [87.1966571, 23.6309115], [87.1965873, 23.6307395]]]}, "id": "way/988613851"}, {"type": "Feature", "properties": {"@id": "way/988636062", "landuse": "industrial", "coal_industrial_zone": "Raniganj_Coalfield_WB", "centroid_lon": 87.05114990518697, "centroid_lat": 23.72677053810316, "area_sqkm": 0.03692729669906697}, "geometry": {"type": "Polygon", "coordinates": [[[87.0500958, 23.7275851], [87.0495057, 23.7270449], [87.0513618, 23.7258073], [87.0530033, 23.7268681], [87.0500958, 23.7275851]]]}, "id": "way/988636062"}, {"type": "Feature", "properties": {"@id": "way/988636063", "landuse": "industrial", "coal_industrial_zone": "Raniganj_Coalfield_WB", "centroid_lon": 87.05731670684479, "centroid_lat": 23.720457893336693, "area_sqkm": 0.222637333443079}, "geometry": {"type": "Polygon", "coordinates": [[[87.0536041, 23.7193492], [87.0548487, 23.7189317], [87.0555675, 23.7195849], [87.0556641, 23.7197715], [87.0559376, 23.7192509], [87.056458, 23.719246], [87.0568871, 23.7196782], [87.0574665, 23.7196733], [87.0578742, 23.7199385], [87.0588398, 23.7193295], [87.0594567, 23.7188188], [87.0590275, 23.7184258], [87.0586199, 23.7177825], [87.059226, 23.7173355], [87.0594835, 23.7180231], [87.0602399, 23.7181017], [87.0603365, 23.7184062], [87.0600361, 23.7191576], [87.0596498, 23.719413], [87.0591724, 23.7193344], [87.0595157, 23.7197863], [87.0602721, 23.7193148], [87.0608193, 23.7198452], [87.0604867, 23.7202406], [87.0607468, 23.720798], [87.0603767, 23.7210828], [87.0596981, 23.7217557], [87.0588934, 23.7216231], [87.0583516, 23.7222271], [87.0578313, 23.7222075], [87.057327, 23.722679], [87.0566618, 23.7221977], [87.0569408, 23.7217262], [87.056576, 23.721461], [87.0555031, 23.7221731], [87.0550793, 23.7225513], [87.0543337, 23.7212646], [87.0539904, 23.7207194], [87.0536041, 23.7193492]]]}, "id": "way/988636063"}, {"type": "Feature", "properties": {"@id": "way/988636064", "landuse": "industrial", "coal_industrial_zone": "Raniganj_Coalfield_WB", "centroid_lon": 87.05643475735103, "centroid_lat": 23.71647255404968, "area_sqkm": 0.22718514465296052}, "geometry": {"type": "Polygon", "coordinates": [[[87.0531267, 23.7173355], [87.0527834, 23.7171293], [87.053706, 23.7162207], [87.0544839, 23.7155724], [87.0548809, 23.7155724], [87.0553315, 23.7147767], [87.0555353, 23.7155036], [87.0559162, 23.7154496], [87.0563292, 23.7150959], [87.056238, 23.7147374], [87.056163, 23.7143273], [87.0563185, 23.7140744], [87.0567799, 23.7137011], [87.0573297, 23.7138828], [87.0581987, 23.7141922], [87.0586252, 23.7145017], [87.0585394, 23.7148209], [87.0590383, 23.7156951], [87.0586842, 23.7162747], [87.0592421, 23.7170507], [87.0586735, 23.7175958], [87.0582873, 23.7177284], [87.0570481, 23.7186665], [87.0562917, 23.7185192], [87.0560235, 23.7186714], [87.0556748, 23.7184209], [87.0552456, 23.7186567], [87.0540279, 23.7178561], [87.0533842, 23.7171587], [87.0531267, 23.7173355]]]}, "id": "way/988636064"}, {"type": "Feature", "properties": {"@id": "way/988636065", "landuse": "industrial", "coal_industrial_zone": "Raniganj_Coalfield_WB", "centroid_lon": 87.04752168289181, "centroid_lat": 23.723611089246003, "area_sqkm": 0.04440689041330526}, "geometry": {"type": "Polygon", "coordinates": [[[87.0462602, 23.7235924], [87.0465553, 23.7229098], [87.0470649, 23.7228509], [87.0474726, 23.7224678], [87.0480198, 23.7224285], [87.048642, 23.723784], [87.0484275, 23.7238724], [87.0483041, 23.7246974], [87.0479232, 23.7247122], [87.0473438, 23.7247318], [87.0462602, 23.7235924]]]}, "id": "way/988636065"}, {"type": "Feature", "properties": {"@id": "way/988636066", "landuse": "industrial", "coal_industrial_zone": "Raniganj_Coalfield_WB", "centroid_lon": 87.04617579961452, "centroid_lat": 23.726847429945195, "area_sqkm": 0.06763200880316535}, "geometry": {"type": "Polygon", "coordinates": [[[87.0447475, 23.7270203], [87.0445919, 23.7267355], [87.0447153, 23.7263525], [87.0447797, 23.7260332], [87.0459545, 23.7256944], [87.0467484, 23.7256256], [87.0479232, 23.7272364], [87.0467162, 23.7280418], [87.0464694, 23.7280418], [87.0458794, 23.7279534], [87.0455682, 23.7279878], [87.0447475, 23.7270203]]]}, "id": "way/988636066"}, {"type": "Feature", "properties": {"@id": "way/988636067", "landuse": "industrial", "coal_industrial_zone": "Raniganj_Coalfield_WB", "centroid_lon": 87.044707025722, "centroid_lat": 23.732705837342632, "area_sqkm": 0.03962269736862386}, "geometry": {"type": "Polygon", "coordinates": [[[87.0444524, 23.7314844], [87.0448092, 23.7314524], [87.0448682, 23.7317643], [87.0453268, 23.7321866], [87.0457882, 23.7322283], [87.0455977, 23.7326654], [87.0457399, 23.7330509], [87.0451659, 23.7332179], [87.0452785, 23.7340478], [87.0450962, 23.7340772], [87.0441627, 23.7337728], [87.043916, 23.7331098], [87.0444417, 23.7327268], [87.0441252, 23.7323683], [87.0438409, 23.7323928], [87.0437229, 23.731612], [87.0444524, 23.7314844]]]}, "id": "way/988636067"}, {"type": "Feature", "properties": {"@id": "way/988636068", "landuse": "industrial", "coal_industrial_zone": "Raniganj_Coalfield_WB", "centroid_lon": 87.0397886012141, "centroid_lat": 23.733400063875823, "area_sqkm": 0.04255471224694674}, "geometry": {"type": "Polygon", "coordinates": [[[87.0394421, 23.734475], [87.0393348, 23.7344063], [87.0391685, 23.7337089], [87.0390719, 23.7329969], [87.0389217, 23.732054], [87.0392275, 23.7319165], [87.0397586, 23.7320098], [87.0399731, 23.7325009], [87.0404184, 23.7326826], [87.0406437, 23.7331049], [87.0405096, 23.733979], [87.040236, 23.735079], [87.0401126, 23.735133], [87.0395923, 23.7345438], [87.0394421, 23.734475]]]}, "id": "way/988636068"}, {"type": "Feature", "properties": {"@id": "way/988636069", "landuse": "industrial", "coal_industrial_zone": "Raniganj_Coalfield_WB", "centroid_lon": 87.0530921832841, "centroid_lat": 23.724002711733377, "area_sqkm": 0.06284810339216068}, "geometry": {"type": "Polygon", "coordinates": [[[87.0525634, 23.725493], [87.0514798, 23.7238626], [87.0530784, 23.7229393], [87.0530569, 23.7225071], [87.0536685, 23.7223597], [87.0543659, 23.7239411], [87.0543659, 23.7245992], [87.0525634, 23.725493]]]}, "id": "way/988636069"}, {"type": "Feature", "properties": {"@id": "way/988636070", "landuse": "industrial", "coal_industrial_zone": "Raniganj_Coalfield_WB", "centroid_lon": 87.0697116016764, "centroid_lat": 23.705902443822016, "area_sqkm": 0.09098391009821497}, "geometry": {"type": "Polygon", "coordinates": [[[87.0704323, 23.7051696], [87.0706952, 23.7051401], [87.071296, 23.7056116], [87.0713657, 23.7061519], [87.0716554, 23.7065449], [87.0710063, 23.7069869], [87.0703679, 23.7076156], [87.0702606, 23.7077188], [87.0694828, 23.7069083], [87.0688766, 23.7070852], [87.0683724, 23.7066284], [87.068485, 23.7061028], [87.0683938, 23.7056558], [87.0677608, 23.7051303], [87.0677125, 23.7048159], [87.0687103, 23.704644], [87.0686245, 23.7043493], [87.0690751, 23.7042854], [87.0693219, 23.7045409], [87.0701265, 23.7045605], [87.0704323, 23.7051696]]]}, "id": "way/988636070"}, {"type": "Feature", "properties": {"@id": "way/988636071", "landuse": "industrial", "coal_industrial_zone": "Raniganj_Coalfield_WB", "centroid_lon": 87.06798008721067, "centroid_lat": 23.70800563199817, "area_sqkm": 0.10119565063231617}, "geometry": {"type": "Polygon", "coordinates": [[[87.065776, 23.7079152], [87.0658725, 23.7075321], [87.0661515, 23.7071195], [87.0667577, 23.7067266], [87.0671815, 23.7066382], [87.0675731, 23.7066431], [87.0677859, 23.7071038], [87.0679497, 23.7069651], [87.0682543, 23.706707], [87.0687854, 23.7072325], [87.0694482, 23.7069845], [87.0701587, 23.7078317], [87.0697725, 23.7086864], [87.069, 23.7091186], [87.0682549, 23.7096855], [87.0672995, 23.7090155], [87.0667952, 23.7086618], [87.0664339, 23.7089136], [87.0662481, 23.708765], [87.0663875, 23.7081166], [87.065776, 23.7079152]]]}, "id": "way/988636071"}, {"type": "Feature", "properties": {"@id": "way/988636072", "landuse": "industrial", "coal_industrial_zone": "Raniganj_Coalfield_WB", "centroid_lon": 87.06453812969121, "centroid_lat": 23.709900581145757, "area_sqkm": 0.044068378577289194}, "geometry": {"type": "Polygon", "coordinates": [[[87.0633781, 23.7095459], [87.0632547, 23.7093691], [87.0638663, 23.7091235], [87.064333, 23.7088632], [87.0651162, 23.7087404], [87.0653951, 23.7089369], [87.0655024, 23.7095459], [87.0650732, 23.7106658], [87.0653307, 23.7109555], [87.0646441, 23.711319], [87.0643544, 23.7111373], [87.0640218, 23.7107493], [87.0638716, 23.7107296], [87.063716, 23.7099634], [87.0633781, 23.7095459]]]}, "id": "way/988636072"}, {"type": "Feature", "properties": {"@id": "way/988636073", "landuse": "industrial", "coal_industrial_zone": "Raniganj_Coalfield_WB", "centroid_lon": 87.05729440338406, "centroid_lat": 23.640721371211793, "area_sqkm": 0.029384296531345572}, "geometry": {"type": "Polygon", "coordinates": [[[87.0564312, 23.6411334], [87.0561951, 23.6410696], [87.0561629, 23.6407993], [87.0563453, 23.6407649], [87.0564526, 23.6405634], [87.0562488, 23.6403472], [87.0563561, 23.6400818], [87.0565814, 23.6401752], [87.0568281, 23.6400081], [87.0571125, 23.6399639], [87.0580888, 23.6400916], [87.05818, 23.6402243], [87.0578366, 23.6404651], [87.057901, 23.640701], [87.058357, 23.6407796], [87.0584053, 23.641389], [87.0582658, 23.6414873], [87.0579493, 23.6414922], [87.0572546, 23.6411384], [87.0570159, 23.6413153], [87.0568013, 23.6413939], [87.0564312, 23.6411334]]]}, "id": "way/988636073"}, {"type": "Feature", "properties": {"@id": "way/988636074", "landuse": "industrial", "coal_industrial_zone": "Raniganj_Coalfield_WB", "centroid_lon": 87.07875235517317, "centroid_lat": 23.683679923974083, "area_sqkm": 0.050590209829283035}, "geometry": {"type": "Polygon", "coordinates": [[[87.0779532, 23.6848822], [87.0778298, 23.6848884], [87.0776944, 23.6844757], [87.0774811, 23.684052], [87.0774007, 23.6836885], [87.0774919, 23.6832807], [87.0777279, 23.6830891], [87.077803, 23.6829123], [87.0783234, 23.6828435], [87.0785755, 23.6828435], [87.0786291, 23.683099], [87.0793909, 23.6828239], [87.079761, 23.6831039], [87.0804638, 23.6824652], [87.0806998, 23.6826617], [87.0805335, 23.6829319], [87.0805764, 23.6831334], [87.0798361, 23.6837081], [87.0791924, 23.6838506], [87.0791924, 23.6840569], [87.079187, 23.6846612], [87.0789564, 23.6848282], [87.0785057, 23.6847398], [87.0779532, 23.6848822]]]}, "id": "way/988636074"}, {"type": "Feature", "properties": {"@id": "way/988636075", "landuse": "industrial", "coal_industrial_zone": "Raniganj_Coalfield_WB", "centroid_lon": 87.06725481883196, "centroid_lat": 23.687723450208157, "area_sqkm": 0.039292569911453856}, "geometry": {"type": "Polygon", "coordinates": [[[87.0663949, 23.6882002], [87.0659326, 23.6877606], [87.0659783, 23.6877203], [87.06628, 23.6874543], [87.0666467, 23.687131], [87.066812, 23.6869852], [87.0673454, 23.6865149], [87.0681403, 23.687271], [87.0684362, 23.6875524], [87.068577, 23.6876863], [87.0677245, 23.688438], [87.0675177, 23.6886204], [87.0673866, 23.688736], [87.0671643, 23.688932], [87.0663949, 23.6882002]]]}, "id": "way/988636075"}, {"type": "Feature", "properties": {"@id": "way/988636076", "landuse": "industrial", "coal_industrial_zone": "Raniganj_Coalfield_WB", "centroid_lon": 87.0645357283714, "centroid_lat": 23.687059359091464, "area_sqkm": 0.027131574914652724}, "geometry": {"type": "Polygon", "coordinates": [[[87.0641345, 23.6878838], [87.0639199, 23.6878936], [87.0637429, 23.687422], [87.0635766, 23.6872108], [87.0635337, 23.6868423], [87.0637912, 23.6867637], [87.0639843, 23.6866164], [87.0648748, 23.6860858], [87.0656365, 23.6872648], [87.0646924, 23.6877659], [87.0645958, 23.6876382], [87.0641345, 23.6878838]]]}, "id": "way/988636076"}, {"type": "Feature", "properties": {"@id": "way/988636077", "barrier": "wall", "description": "78430", "landuse": "industrial", "plant:method": "photovoltaic", "plant:output:electricity": "yes", "plant:source": "solar", "plant:type": "solar_photovoltaic_panel", "power": "plant", "coal_industrial_zone": "Raniganj_Coalfield_WB", "centroid_lon": 87.048725272694, "centroid_lat": 23.645486619991452, "area_sqkm": 0.13531060336887346}, "geometry": {"type": "Polygon", "coordinates": [[[87.0495218, 23.6446397], [87.0497578, 23.6447134], [87.0499349, 23.6450967], [87.0501468, 23.6453129], [87.0501092, 23.6454014], [87.0500314, 23.6454628], [87.0501548, 23.6456643], [87.0504552, 23.6458805], [87.0505732, 23.6460205], [87.0507704, 23.6461495], [87.0508294, 23.646308], [87.0508039, 23.6466925], [87.0508066, 23.6467539], [87.0508575, 23.6469788], [87.0508254, 23.6470374], [87.0507925, 23.6470936], [87.0507707, 23.6471332], [87.0507368, 23.6471612], [87.0507201, 23.6471698], [87.0506202, 23.6472324], [87.0505692, 23.6472859], [87.0503587, 23.6475758], [87.0502809, 23.647663], [87.0502058, 23.6477294], [87.0501374, 23.6477625], [87.0499, 23.6477785], [87.0498249, 23.6477797], [87.0497552, 23.6478092], [87.0496117, 23.647862], [87.0495111, 23.6478928], [87.0493475, 23.6476962], [87.049385, 23.6475267], [87.0493475, 23.6473498], [87.0490926, 23.646964], [87.0489264, 23.6468141], [87.0485669, 23.6469272], [87.0484449, 23.646894], [87.0480251, 23.6469812], [87.047832, 23.6470156], [87.0475182, 23.6471065], [87.0470206, 23.647179], [87.0470139, 23.647109], [87.047022, 23.6470132], [87.0470957, 23.6466471], [87.0470193, 23.6464677], [87.0469549, 23.6464456], [87.0468061, 23.6463584], [87.0467404, 23.646281], [87.0467095, 23.6460807], [87.0467108, 23.6459517], [87.0467564, 23.6459198], [87.0468195, 23.6459014], [87.0468959, 23.645894], [87.0474833, 23.6458854], [87.0477247, 23.6457724], [87.0479688, 23.6454849], [87.0481431, 23.6451704], [87.0484999, 23.6450475], [87.0482236, 23.6445586], [87.047714, 23.6447306], [87.0474485, 23.6445856], [87.0470247, 23.6445193], [87.047022, 23.6443203], [87.0475128, 23.6440524], [87.0475021, 23.6439271], [87.0473358, 23.6437576], [87.0467672, 23.6436495], [87.0466867, 23.6435463], [87.0467618, 23.6433522], [87.0467323, 23.6428829], [87.0468906, 23.642878], [87.0471601, 23.6429062], [87.0472835, 23.6429271], [87.0476764, 23.6430696], [87.0479366, 23.6430524], [87.0481659, 23.6430389], [87.0483282, 23.6430942], [87.0486152, 23.6431384], [87.0488995, 23.6432637], [87.0490926, 23.643421], [87.0489156, 23.6435094], [87.0488942, 23.6438239], [87.0491812, 23.6438534], [87.0493394, 23.6442269], [87.0495218, 23.6446397]]]}, "id": "way/988636077"}, {"type": "Feature", "properties": {"@id": "way/988636080", "landuse": "industrial", "coal_industrial_zone": "Raniganj_Coalfield_WB", "centroid_lon": 87.06228292332943, "centroid_lat": 23.682414243447386, "area_sqkm": 0.04215495302811597}, "geometry": {"type": "Polygon", "coordinates": [[[87.0607227, 23.6821557], [87.061919, 23.6813059], [87.0621657, 23.6817529], [87.0626807, 23.6821852], [87.0636785, 23.6819003], [87.0640916, 23.6826617], [87.0634103, 23.6827354], [87.0633995, 23.6829074], [87.0625305, 23.6832464], [87.0614147, 23.68304], [87.0612699, 23.6827747], [87.0610499, 23.6826863], [87.0607227, 23.6821557]]]}, "id": "way/988636080"}, {"type": "Feature", "properties": {"@id": "way/988636081", "description": "underground mine", "industrial": "mine", "landuse": "industrial", "name": "Nabakjora UG", "operator": "Eastern Coalfields Limited (ECL)", "resource": "coal", "source": "https://doi.org/10.7910/DVN/TDEK8O, Harvard Dataverse, V1", "coal_industrial_zone": "Raniganj_Coalfield_WB", "centroid_lon": 87.17872109761741, "centroid_lat": 23.633892872932815, "area_sqkm": 0.01683098309076364}, "geometry": {"type": "Polygon", "coordinates": [[[87.1790242, 23.6346637], [87.1789813, 23.6346613], [87.1785682, 23.6345998], [87.1784449, 23.634391], [87.1781605, 23.6337079], [87.1780238, 23.6332533], [87.178638, 23.63301], [87.1792254, 23.6338774], [87.1794882, 23.6344254], [87.1790242, 23.6346637]]]}, "id": "way/988636081"}, {"type": "Feature", "properties": {"@id": "way/988637977", "description": "underground mine", "industrial": "mine", "landuse": "industrial", "coal_industrial_zone": "Raniganj_Coalfield_WB", "centroid_lon": 87.17253178831889, "centroid_lat": 23.621524414160994, "area_sqkm": 0.020287729584008273}, "geometry": {"type": "Polygon", "coordinates": [[[87.1723026, 23.6223647], [87.1718627, 23.6216029], [87.1718627, 23.6211409], [87.1724689, 23.6207231], [87.1729839, 23.6207281], [87.1731609, 23.6215144], [87.172882, 23.6223647], [87.1723026, 23.6223647]]]}, "id": "way/988637977"}, {"type": "Feature", "properties": {"@id": "way/988753769", "description": "underground mine", "industrial": "mine", "landuse": "industrial", "name": "Chora 7&9 colliery", "resource": "coal", "source": "https://doi.org/10.7910/DVN/TDEK8O, Harvard Dataverse, V1", "coal_industrial_zone": "Raniganj_Coalfield_WB", "centroid_lon": 87.19136328731473, "centroid_lat": 23.67179070876223, "area_sqkm": 0.026827844460900568}, "geometry": {"type": "Polygon", "coordinates": [[[87.1910072, 23.6721039], [87.1901756, 23.6720113], [87.190148, 23.6715526], [87.1904237, 23.6714011], [87.1911174, 23.6711445], [87.1919582, 23.671216], [87.1924407, 23.6717167], [87.1924407, 23.6721039], [87.1922063, 23.6722049], [87.1913885, 23.6726677], [87.1910072, 23.6721039]]]}, "id": "way/988753769"}, {"type": "Feature", "properties": {"@id": "way/988753770", "description": "underground mine", "industrial": "mine", "landuse": "industrial", "name": "Chora 10 colliery", "operator": "Eastern Coalfields Limited (ECL)", "resource": "coal", "source": "https://doi.org/10.7910/DVN/TDEK8O, Harvard Dataverse, V1", "coal_industrial_zone": "Raniganj_Coalfield_WB", "centroid_lon": 87.20233125787561, "centroid_lat": 23.678403604782392, "area_sqkm": 0.01438372711466188}, "geometry": {"type": "Polygon", "coordinates": [[[87.2013316, 23.6786493], [87.2021339, 23.6779862], [87.202785, 23.6777763], [87.2031184, 23.6781818], [87.2025298, 23.6790024], [87.2013316, 23.6786493]]]}, "id": "way/988753770"}, {"type": "Feature", "properties": {"@id": "way/988753772", "landuse": "industrial", "coal_industrial_zone": "Raniganj_Coalfield_WB", "centroid_lon": 87.20039523135901, "centroid_lat": 23.6806253400201, "area_sqkm": 0.04506649890619951}, "geometry": {"type": "Polygon", "coordinates": [[[87.1996437, 23.6812637], [87.1993676, 23.6809679], [87.1992999, 23.6800424], [87.1997063, 23.6798707], [87.1995969, 23.6794938], [87.2003939, 23.6796226], [87.2016754, 23.6800997], [87.2015556, 23.6804575], [87.2013108, 23.6804479], [87.2010972, 23.6810395], [87.2016129, 23.681259], [87.2014462, 23.681612], [87.2009669, 23.6814069], [87.2002689, 23.6818792], [87.1996437, 23.6812637]]]}, "id": "way/988753772"}, {"type": "Feature", "properties": {"@id": "way/988753773", "landuse": "industrial", "coal_industrial_zone": "Raniganj_Coalfield_WB", "centroid_lon": 87.22087614337217, "centroid_lat": 23.67394651769999, "area_sqkm": 0.02876877146765767}, "geometry": {"type": "Polygon", "coordinates": [[[87.2195155, 23.674408], [87.2194411, 23.674042], [87.2211326, 23.673327], [87.2213743, 23.6730418], [87.2216949, 23.6730801], [87.2222387, 23.6741229], [87.2217135, 23.6740675], [87.2212581, 23.6740846], [87.2213604, 23.6745825], [87.2210025, 23.6746634], [87.2204263, 23.674557], [87.2199151, 23.6744846], [87.2195155, 23.674408]]]}, "id": "way/988753773"}, {"type": "Feature", "properties": {"@id": "way/988753775", "landuse": "industrial", "coal_industrial_zone": "Raniganj_Coalfield_WB", "centroid_lon": 87.20834177851778, "centroid_lat": 23.673737082627067, "area_sqkm": 0.04873367686740029}, "geometry": {"type": "Polygon", "coordinates": [[[87.2089851, 23.6750975], [87.2080464, 23.6745102], [87.2073958, 23.6739569], [87.2071542, 23.6733185], [87.2076282, 23.6721268], [87.2079721, 23.6721353], [87.2094313, 23.6741782], [87.2097844, 23.674757], [87.2093848, 23.6751315], [87.2089851, 23.6750975]]]}, "id": "way/988753775"}, {"type": "Feature", "properties": {"@id": "way/988753777", "description": "underground mine", "industrial": "mine", "landuse": "industrial", "name": "CL Jambad Colly", "operator": "Eastern Coalfields Limited (ECL)", "resource": "coal", "source": "https://doi.org/10.7910/DVN/TDEK8O, Harvard Dataverse, V1", "coal_industrial_zone": "Raniganj_Coalfield_WB", "centroid_lon": 87.19812164804058, "centroid_lat": 23.654697327016276, "area_sqkm": 0.013727681670076562}, "geometry": {"type": "Polygon", "coordinates": [[[87.1980769, 23.6555561], [87.197584, 23.6544936], [87.1977141, 23.6539914], [87.1978664, 23.6539808], [87.1983904, 23.6540054], [87.1986412, 23.6553715], [87.1982202, 23.6554125], [87.1982113, 23.6555438], [87.1980769, 23.6555561]]]}, "id": "way/988753777"}, {"type": "Feature", "properties": {"@id": "way/988753778", "description": "underground mine", "industrial": "mine", "landuse": "industrial", "name": "Bahula", "operator": "Eastern Coalfields Limited (ECL)", "resource": "coal", "source": "https://doi.org/10.7910/DVN/TDEK8O, Harvard Dataverse, V1", "coal_industrial_zone": "Raniganj_Coalfield_WB", "centroid_lon": 87.18235593081384, "centroid_lat": 23.665524144017937, "area_sqkm": 0.06757118236702586}, "geometry": {"type": "Polygon", "coordinates": [[[87.1794924, 23.663619], [87.1803103, 23.6638531], [87.1816161, 23.6649555], [87.1822156, 23.6651428], [87.1830986, 23.6644362], [87.1838607, 23.6649896], [87.1836469, 23.66699], [87.183554, 23.6672795], [87.1839862, 23.6676838], [87.1837352, 23.6677647], [87.1826106, 23.6667006], [87.1820065, 23.6661132], [87.1812676, 23.6653896], [87.1793576, 23.6637552], [87.1794924, 23.663619]]]}, "id": "way/988753778"}, {"type": "Feature", "properties": {"@id": "way/988753779", "description": "underground mine", "industrial": "mine", "landuse": "industrial", "name": "Parasea", "operator": "Eastern Coalfields Limited (ECL)", "resource": "coal", "source": "https://doi.org/10.7910/DVN/TDEK8O, Harvard Dataverse, V1", "coal_industrial_zone": "Raniganj_Coalfield_WB", "centroid_lon": 87.16285933874947, "centroid_lat": 23.65178698283327, "area_sqkm": 0.03141781726998381}, "geometry": {"type": "Polygon", "coordinates": [[[87.1626388, 23.6532436], [87.1624679, 23.6526245], [87.1622401, 23.6512783], [87.1620616, 23.65036], [87.1623996, 23.65044], [87.1631666, 23.6511148], [87.1638388, 23.6518662], [87.1632995, 23.652694], [87.1626388, 23.6532436]]]}, "id": "way/988753779"}, {"type": "Feature", "properties": {"@id": "way/988753780", "description": "underground mine", "industrial": "mine", "landuse": "industrial", "name": "Kunustoria", "operator": "Eastern Coalfields Limited (ECL)", "source": "https://doi.org/10.7910/DVN/TDEK8O, Harvard Dataverse, V1", "coal_industrial_zone": "Raniganj_Coalfield_WB", "centroid_lon": 87.13059097467134, "centroid_lat": 23.650548466154405, "area_sqkm": 0.024132828329657317}, "geometry": {"type": "Polygon", "coordinates": [[[87.1292788, 23.6496568], [87.1296293, 23.6493012], [87.130467, 23.6499941], [87.1318371, 23.6511989], [87.1316913, 23.6514381], [87.1317717, 23.6514971], [87.131492, 23.6518173], [87.1301538, 23.6505915], [87.1293062, 23.6497776], [87.1292788, 23.6496568]]]}, "id": "way/988753780"}, {"type": "Feature", "properties": {"@id": "way/988753782", "landuse": "industrial", "coal_industrial_zone": "Raniganj_Coalfield_WB", "centroid_lon": 87.05802701865467, "centroid_lat": 23.70019904558565, "area_sqkm": 0.09198737238149471}, "geometry": {"type": "Polygon", "coordinates": [[[87.0557713, 23.701299], [87.0556962, 23.7011811], [87.0560717, 23.7007783], [87.056458, 23.7008078], [87.0571339, 23.7001201], [87.0578527, 23.6990788], [87.058239, 23.6983125], [87.0600521, 23.6985679], [87.0601058, 23.6988528], [87.0593119, 23.6994128], [87.0596391, 23.7004443], [87.0591026, 23.7009011], [87.0586199, 23.7007783], [87.0583302, 23.7009061], [87.0577991, 23.7013383], [87.0577025, 23.7013678], [87.0579171, 23.7018492], [87.0570803, 23.7021537], [87.0569086, 23.7018099], [87.0568871, 23.7017018], [87.0560503, 23.7017902], [87.0557713, 23.701299]]]}, "id": "way/988753782"}, {"type": "Feature", "properties": {"@id": "way/988753783", "landuse": "industrial", "coal_industrial_zone": "Raniganj_Coalfield_WB", "centroid_lon": 87.06043892651084, "centroid_lat": 23.70403615846466, "area_sqkm": 0.11880904408281982}, "geometry": {"type": "Polygon", "coordinates": [[[87.0597517, 23.7032441], [87.0599127, 23.7034504], [87.0601487, 23.7033325], [87.0600951, 23.7031754], [87.0599878, 23.7029298], [87.0609212, 23.702301], [87.0613825, 23.7023895], [87.0614147, 23.7020751], [87.0620692, 23.7019179], [87.0623696, 23.70236], [87.0621657, 23.7025663], [87.0623481, 23.7029298], [87.0621872, 23.7031852], [87.0624018, 23.7039416], [87.0617688, 23.7043542], [87.0620263, 23.7050026], [87.0605135, 23.7057197], [87.0602023, 23.7052482], [87.0593333, 23.7052285], [87.0588827, 23.7050812], [87.0579922, 23.7056902], [87.0575201, 23.7049043], [87.0584857, 23.7043837], [87.0585072, 23.7040497], [87.0597517, 23.7032441]]]}, "id": "way/988753783"}, {"type": "Feature", "properties": {"@id": "way/988753784", "landuse": "industrial", "coal_industrial_zone": "Raniganj_Coalfield_WB", "centroid_lon": 87.09453287066653, "centroid_lat": 23.66019213549285, "area_sqkm": 0.01821736086183191}, "geometry": {"type": "Polygon", "coordinates": [[[87.0943415, 23.659472], [87.094937, 23.6593934], [87.095173, 23.6599191], [87.0952105, 23.6603269], [87.0950872, 23.6605923], [87.0939464, 23.6609657], [87.0938559, 23.6610331], [87.093789, 23.6603466], [87.0941269, 23.6601943], [87.0942396, 23.6594622], [87.0943415, 23.659472]]]}, "id": "way/988753784"}, {"type": "Feature", "properties": {"@id": "way/988753786", "landuse": "industrial", "coal_industrial_zone": "Raniganj_Coalfield_WB", "centroid_lon": 87.08918841482924, "centroid_lat": 23.663898842004784, "area_sqkm": 0.02435474420166776}, "geometry": {"type": "Polygon", "coordinates": [[[87.0890897, 23.6629802], [87.0901787, 23.6638744], [87.0898676, 23.6644493], [87.0893204, 23.66469], [87.0886981, 23.6644395], [87.0882207, 23.6639973], [87.0885372, 23.6634175], [87.0890897, 23.6629802]]]}, "id": "way/988753786"}, {"type": "Feature", "properties": {"@id": "way/988753787", "landuse": "industrial", "coal_industrial_zone": "Raniganj_Coalfield_WB", "centroid_lon": 87.0859905267345, "centroid_lat": 23.664525992916122, "area_sqkm": 0.022146711468004395}, "geometry": {"type": "Polygon", "coordinates": [[[87.0851415, 23.6646999], [87.085104, 23.6645279], [87.0858496, 23.6637074], [87.08615, 23.6638793], [87.0864773, 23.6638597], [87.0869011, 23.6644444], [87.0866007, 23.6649111], [87.0859194, 23.6653484], [87.0857584, 23.6651666], [87.0854634, 23.6651715], [87.0851415, 23.6646999]]]}, "id": "way/988753787"}, {"type": "Feature", "properties": {"@id": "way/988753788", "landuse": "industrial", "coal_industrial_zone": "Raniganj_Coalfield_WB", "centroid_lon": 87.0738405322944, "centroid_lat": 23.647302466048657, "area_sqkm": 0.030097371203026965}, "geometry": {"type": "Polygon", "coordinates": [[[87.0728195, 23.6468338], [87.0734042, 23.6466569], [87.0737743, 23.6463817], [87.0737958, 23.6460623], [87.0740318, 23.6460279], [87.0740747, 23.6462834], [87.0742464, 23.646308], [87.074182, 23.6471876], [87.0748097, 23.6471483], [87.0746541, 23.6481262], [87.0733184, 23.6481409], [87.073254, 23.6479001], [87.0728195, 23.6468338]]]}, "id": "way/988753788"}, {"type": "Feature", "properties": {"@id": "way/988753790", "landuse": "industrial", "coal_industrial_zone": "Raniganj_Coalfield_WB", "centroid_lon": 87.09046157894271, "centroid_lat": 23.648306920889254, "area_sqkm": 0.02062316351102113}, "geometry": {"type": "Polygon", "coordinates": [[[87.089873, 23.6476839], [87.0900392, 23.6475316], [87.0903289, 23.6476151], [87.0910263, 23.6477527], [87.0911068, 23.6482343], [87.0911765, 23.6487552], [87.0904523, 23.6492122], [87.09005, 23.6487601], [87.0897818, 23.6483866], [87.0897388, 23.6478657], [87.089873, 23.6476839]]]}, "id": "way/988753790"}, {"type": "Feature", "properties": {"@id": "way/988753791", "landuse": "industrial", "coal_industrial_zone": "Raniganj_Coalfield_WB", "centroid_lon": 87.09273033042034, "centroid_lat": 23.642935132798492, "area_sqkm": 0.02862560945625523}, "geometry": {"type": "Polygon", "coordinates": [[[87.0925337, 23.6415462], [87.0930701, 23.6418362], [87.0928019, 23.6423964], [87.0931023, 23.6425782], [87.093392, 23.6429369], [87.0937675, 23.6433645], [87.0925283, 23.6441114], [87.0920134, 23.6437379], [87.0923889, 23.6433989], [87.0920563, 23.6429517], [87.0922816, 23.642475], [87.0920563, 23.6421851], [87.0925337, 23.6415462]]]}, "id": "way/988753791"}, {"type": "Feature", "properties": {"@id": "way/988753792", "landuse": "industrial", "coal_industrial_zone": "Raniganj_Coalfield_WB", "centroid_lon": 87.07809901315377, "centroid_lat": 23.63648444102442, "area_sqkm": 0.05004603783256612}, "geometry": {"type": "Polygon", "coordinates": [[[87.0776957, 23.6354918], [87.07798, 23.6354672], [87.0783877, 23.6351478], [87.0790476, 23.6356098], [87.0795411, 23.636573], [87.078672, 23.6374526], [87.0781678, 23.6370497], [87.0769769, 23.6375411], [87.0763814, 23.6376541], [87.076301, 23.6375313], [87.0768589, 23.6369809], [87.0767301, 23.6367892], [87.0772719, 23.6361897], [87.0777065, 23.636111], [87.0775294, 23.6357719], [87.0776957, 23.6354918]]]}, "id": "way/988753792"}, {"type": "Feature", "properties": {"@id": "way/988753794", "description": "underground mine", "industrial": "mine", "landuse": "industrial", "name": "PURE SEARSOLE", "operator": "Eastern Coalfields Limited (ECL)", "resource": "coal", "coal_industrial_zone": "Raniganj_Coalfield_WB", "centroid_lon": 87.08799811314115, "centroid_lat": 23.646129964800206, "area_sqkm": 0.024212345353138914}, "geometry": {"type": "Polygon", "coordinates": [[[87.0873249, 23.6460476], [87.0877755, 23.6454677], [87.0880169, 23.6454628], [87.0883977, 23.6450304], [87.0886552, 23.6451385], [87.088446, 23.6457478], [87.0889127, 23.6459591], [87.0887196, 23.6464653], [87.0879257, 23.6468682], [87.0876306, 23.6470992], [87.0872819, 23.6466766], [87.087003, 23.6462146], [87.0873249, 23.6460476]]]}, "id": "way/988753794"}, {"type": "Feature", "properties": {"@id": "way/988893563", "description": "underground mine", "industrial": "mine", "landuse": "industrial", "name": "Kumardiha coal mine", "operator": "Eastern Coalfields Limited (ECL)", "resource": "coal", "source": "https://doi.org/10.7910/DVN/TDEK8O, Harvard Dataverse, V1", "coal_industrial_zone": "Raniganj_Coalfield_WB", "centroid_lon": 87.26230170115792, "centroid_lat": 23.666663790141598, "area_sqkm": 0.01165492322848803}, "geometry": {"type": "Polygon", "coordinates": [[[87.262459, 23.6671885], [87.262164, 23.6673206], [87.2616134, 23.66636], [87.2625049, 23.6660838], [87.2627474, 23.6663359], [87.2628654, 23.6669723], [87.262459, 23.6671885]]]}, "id": "way/988893563"}, {"type": "Feature", "properties": {"@id": "way/988893564", "barrier": "wall", "description": "underground mine", "industrial": "mine", "landuse": "industrial", "name": "SHYAMSUNOERPUR", "operator": "Eastern Coalfields Limited (ECL)", "resource": "coal", "source": "https://doi.org/10.7910/DVN/TDEK8O, Harvard Dataverse, V1", "coal_industrial_zone": "Raniganj_Coalfield_WB", "centroid_lon": 87.25486286991386, "centroid_lat": 23.65090656479877, "area_sqkm": 0.021139215227735122}, "geometry": {"type": "Polygon", "coordinates": [[[87.2549444, 23.6517204], [87.2547085, 23.6512732], [87.2544725, 23.650997], [87.2541678, 23.650961], [87.254017, 23.6508469], [87.2539318, 23.6506248], [87.2538958, 23.6503036], [87.254099, 23.6502736], [87.2543087, 23.6501955], [87.2544398, 23.6501835], [87.2547904, 23.6501595], [87.2549379, 23.6501775], [87.2550362, 23.6502435], [87.2551902, 23.6504957], [87.2556785, 23.65103], [87.2554491, 23.6511501], [87.2558161, 23.6516724], [87.2551148, 23.6518165], [87.2551083, 23.6517144], [87.2549444, 23.6517204]]]}, "id": "way/988893564"}, {"type": "Feature", "properties": {"@id": "way/988893566", "description": "underground mine", "industrial": "mine", "landuse": "industrial", "name": "Khandra", "operator": "Eastern Coalfields Limited (ECL)", "resource": "coal", "coal_industrial_zone": "Raniganj_Coalfield_WB", "centroid_lon": 87.2226747388112, "centroid_lat": 23.641385099999997, "area_sqkm": 0.002374340482761874}, "geometry": {"type": "Polygon", "coordinates": [[[87.2223373, 23.6414939], [87.2226478, 23.6410447], [87.2230111, 23.6414939], [87.2227783, 23.6416167], [87.2223373, 23.6414939]]]}, "id": "way/988893566"}, {"type": "Feature", "properties": {"@id": "way/988893570", "description": "underground mine", "industrial": "mine", "landuse": "industrial", "name": "Belbaid", "operator": "Eastern Coalfields Limited (ECL)", "resource": "coal", "source": "https://doi.org/10.7910/DVN/TDEK8O, Harvard Dataverse, V1", "coal_industrial_zone": "Raniganj_Coalfield_WB", "centroid_lon": 87.14345372513783, "centroid_lat": 23.658394470646908, "area_sqkm": 0.08453251621640172}, "geometry": {"type": "Polygon", "coordinates": [[[87.1435399, 23.6567469], [87.1431819, 23.6572055], [87.1435267, 23.6574313], [87.1452764, 23.6585772], [87.1446723, 23.6593511], [87.1453076, 23.6597671], [87.1448231, 23.6603877], [87.1414323, 23.658167], [87.141636, 23.6579061], [87.1428788, 23.656314], [87.1435399, 23.6567469]]]}, "id": "way/988893570"}, {"type": "Feature", "properties": {"@id": "way/989333273", "description": "105040", "landuse": "industrial", "name": "Solar plant NTPC kaniha", "plant:method": "photovoltaic", "plant:output:electricity": "10 MW", "plant:source": "solar", "plant:type": "solar_photovoltaic_panel", "power": "plant", "coal_industrial_zone": "Talcher_Angul_OD", "centroid_lon": 85.09795392373503, "centroid_lat": 21.08701520780512, "area_sqkm": 0.1482052229865551}, "geometry": {"type": "Polygon", "coordinates": [[[85.094339, 21.0867099], [85.0941257, 21.0859091], [85.0942169, 21.0858165], [85.0943188, 21.0857864], [85.0957887, 21.0856713], [85.0958262, 21.085341], [85.0977574, 21.0852309], [85.099584, 21.0852083], [85.099588, 21.0859141], [85.0996993, 21.0859691], [85.099863, 21.0894002], [85.0988102, 21.0896579], [85.0975496, 21.0895754], [85.0975549, 21.0890098], [85.0984213, 21.0871203], [85.0982966, 21.0869739], [85.0967865, 21.0863908], [85.094339, 21.0867099]]]}, "id": "way/989333273"}, {"type": "Feature", "properties": {"@id": "way/989819075", "landuse": "industrial", "coal_industrial_zone": "Raniganj_Coalfield_WB", "centroid_lon": 87.02489373107528, "centroid_lat": 23.674158017971685, "area_sqkm": 0.014600373787899011}, "geometry": {"type": "Polygon", "coordinates": [[[87.0257642, 23.6748055], [87.0250306, 23.6746932], [87.0246229, 23.6744942], [87.0241883, 23.6741994], [87.023965, 23.6739452], [87.0250352, 23.6734546], [87.0257642, 23.6748055]]]}, "id": "way/989819075"}, {"type": "Feature", "properties": {"@id": "way/989819083", "landuse": "industrial", "coal_industrial_zone": "Raniganj_Coalfield_WB", "centroid_lon": 87.12241146511045, "centroid_lat": 23.68628423087631, "area_sqkm": 0.21829034646310486}, "geometry": {"type": "Polygon", "coordinates": [[[87.1224479, 23.6890612], [87.1204227, 23.6890475], [87.120375, 23.6886305], [87.1200049, 23.687815], [87.1198064, 23.6870241], [87.1203107, 23.6865083], [87.1212119, 23.6857444], [87.121295, 23.6858255], [87.1213996, 23.6857542], [87.1217859, 23.685236], [87.1218932, 23.6849314], [87.1213996, 23.6837327], [87.1228158, 23.68332], [87.1244573, 23.6838211], [87.1251869, 23.684224], [87.1249401, 23.6848724], [87.1246505, 23.6852458], [87.123878, 23.6857911], [87.1239477, 23.6878347], [87.1227837, 23.688267], [87.1227193, 23.6887336], [87.1228909, 23.6890628], [87.1224479, 23.6890612]]]}, "id": "way/989819083"}, {"type": "Feature", "properties": {"@id": "way/989819086", "landuse": "industrial", "coal_industrial_zone": "Raniganj_Coalfield_WB", "centroid_lon": 87.14475413215922, "centroid_lat": 23.67692313895136, "area_sqkm": 0.00866270708154902}, "geometry": {"type": "Polygon", "coordinates": [[[87.1443835, 23.6773191], [87.1444291, 23.6772233], [87.1443003, 23.6765454], [87.1444157, 23.6765232], [87.1444076, 23.6764741], [87.1450996, 23.6764324], [87.1451157, 23.6768966], [87.1451613, 23.6770882], [87.1450809, 23.6771005], [87.1451104, 23.6772774], [87.1450728, 23.6774935], [87.1443835, 23.6773191]]]}, "id": "way/989819086"}, {"type": "Feature", "properties": {"@id": "way/989819087", "landuse": "industrial", "coal_industrial_zone": "Raniganj_Coalfield_WB", "centroid_lon": 87.1433029117188, "centroid_lat": 23.678084645403857, "area_sqkm": 0.028363046974880513}, "geometry": {"type": "Polygon", "coordinates": [[[87.1444586, 23.677523], [87.1443352, 23.6777122], [87.1443969, 23.677803], [87.144295, 23.677921], [87.1441045, 23.6779603], [87.1440026, 23.6780855], [87.1441528, 23.6782452], [87.1437371, 23.6786259], [87.1432757, 23.6791221], [87.1431202, 23.6789797], [87.1431389, 23.6789379], [87.1430263, 23.6787807], [87.1429351, 23.6786137], [87.1428466, 23.6786677], [87.1427849, 23.6786161], [87.1425971, 23.6787242], [87.1423933, 23.6784786], [87.1421251, 23.6780118], [87.1421841, 23.6779332], [87.1432838, 23.6774248], [87.1433911, 23.677329], [87.1433642, 23.6772356], [87.1444586, 23.677523]]]}, "id": "way/989819087"}, {"type": "Feature", "properties": {"@id": "way/989819088", "landuse": "industrial", "coal_industrial_zone": "Raniganj_Coalfield_WB", "centroid_lon": 87.09043229134554, "centroid_lat": 23.681658858244138, "area_sqkm": 0.018542925421541352}, "geometry": {"type": "Polygon", "coordinates": [[[87.0897641, 23.6815368], [87.0906615, 23.6805664], [87.090929, 23.6807738], [87.0906675, 23.6810567], [87.0911628, 23.6814408], [87.0905992, 23.6820504], [87.0907661, 23.6822638], [87.090801, 23.6825438], [87.090117, 23.6826249], [87.0901117, 23.6824112], [87.0897641, 23.6815368]]]}, "id": "way/989819088"}, {"type": "Feature", "properties": {"@id": "way/989819089", "landuse": "industrial", "coal_industrial_zone": "Raniganj_Coalfield_WB", "centroid_lon": 87.09414682387846, "centroid_lat": 23.68074518826983, "area_sqkm": 0.08928549850506312}, "geometry": {"type": "Polygon", "coordinates": [[[87.0927107, 23.6787512], [87.0929602, 23.6790312], [87.0932955, 23.6791369], [87.0935127, 23.6792646], [87.0943335, 23.6799303], [87.0948458, 23.6801145], [87.0962459, 23.6813059], [87.0959401, 23.6820796], [87.0954359, 23.6824726], [87.0947492, 23.6827403], [87.0944971, 23.6824112], [87.09443, 23.6822049], [87.0942396, 23.6822614], [87.0940331, 23.681635], [87.0940518, 23.6815343], [87.093738, 23.6813673], [87.0934913, 23.6813452], [87.0933437, 23.680817], [87.0935476, 23.6806033], [87.0932552, 23.6805051], [87.0927188, 23.6802029], [87.0922735, 23.6802251], [87.091839, 23.680117], [87.0916834, 23.6800212], [87.0919731, 23.6797633], [87.0917505, 23.6795495], [87.0927107, 23.6787512]]]}, "id": "way/989819089"}, {"type": "Feature", "properties": {"@id": "way/989819090", "landuse": "industrial", "coal_industrial_zone": "Raniganj_Coalfield_WB", "centroid_lon": 87.1038815747933, "centroid_lat": 23.696529687659957, "area_sqkm": 0.10867527089830029}, "geometry": {"type": "Polygon", "coordinates": [[[87.1028025, 23.6982705], [87.1023399, 23.6971091], [87.1022889, 23.6966842], [87.1027286, 23.6949444], [87.1051748, 23.6949463], [87.1055067, 23.6977591], [87.1028025, 23.6982705]]]}, "id": "way/989819090"}, {"type": "Feature", "properties": {"@id": "way/989819091", "landuse": "industrial", "coal_industrial_zone": "Raniganj_Coalfield_WB", "centroid_lon": 87.10118547091251, "centroid_lat": 23.697468475275155, "area_sqkm": 0.053990197972838}, "geometry": {"type": "Polygon", "coordinates": [[[87.1021409, 23.6965182], [87.1021575, 23.6970845], [87.1026318, 23.6983027], [87.1016304, 23.6984921], [87.10158, 23.6982843], [87.1002249, 23.6985325], [87.0999727, 23.6973147], [87.100187, 23.6963913], [87.1021409, 23.6965182]]]}, "id": "way/989819091"}, {"type": "Feature", "properties": {"@id": "way/989819092", "landuse": "industrial", "coal_industrial_zone": "Raniganj_Coalfield_WB", "centroid_lon": 87.10671873213944, "centroid_lat": 23.6963147614232, "area_sqkm": 0.0957570079590056}, "geometry": {"type": "Polygon", "coordinates": [[[87.1055067, 23.6977591], [87.1051748, 23.6949463], [87.1081417, 23.6949363], [87.1080545, 23.6977603], [87.1055067, 23.6977591]]]}, "id": "way/989819092"}, {"type": "Feature", "properties": {"@id": "way/989819093", "landuse": "industrial", "coal_industrial_zone": "Raniganj_Coalfield_WB", "centroid_lon": 87.12804042418321, "centroid_lat": 23.658021142957605, "area_sqkm": 0.012952142793782729}, "geometry": {"type": "Polygon", "coordinates": [[[87.1270135, 23.6586195], [87.1269129, 23.6583406], [87.1271865, 23.6582927], [87.127214, 23.6580249], [87.1273005, 23.6579697], [87.1273595, 23.6578996], [87.1274923, 23.6578548], [87.1276043, 23.6578401], [87.1276083, 23.6578622], [87.1278208, 23.6578038], [87.1278128, 23.6577522], [87.1284485, 23.6576245], [87.1287703, 23.6574353], [87.1290225, 23.6579955], [87.1287864, 23.6581478], [87.1285477, 23.6581846], [87.1280435, 23.6583296], [87.1278182, 23.6582903], [87.1276358, 23.6583247], [87.1273729, 23.6584107], [87.1271825, 23.6585605], [87.1270135, 23.6586195]]]}, "id": "way/989819093"}, {"type": "Feature", "properties": {"@id": "way/989879008", "landuse": "industrial", "coal_industrial_zone": "Raniganj_Coalfield_WB", "centroid_lon": 87.14988324057278, "centroid_lat": 23.631849215404326, "area_sqkm": 0.11209728627920418}, "geometry": {"type": "Polygon", "coordinates": [[[87.1494019, 23.6292798], [87.1499061, 23.6296337], [87.1496594, 23.6299384], [87.1504748, 23.6303021], [87.150507, 23.630017], [87.150346, 23.6297123], [87.1507966, 23.6294961], [87.1509576, 23.6301448], [87.1512258, 23.6306166], [87.15173, 23.6312948], [87.1516442, 23.6313931], [87.150979, 23.63157], [87.1509147, 23.6314423], [87.150743, 23.6315111], [87.1506143, 23.6319534], [87.1506035, 23.6324645], [87.150507, 23.633241], [87.1509468, 23.6332705], [87.15114, 23.6335555], [87.1509147, 23.6338111], [87.1503675, 23.6338602], [87.1497989, 23.6344008], [87.1492302, 23.6341747], [87.1491122, 23.6337718], [87.1488976, 23.6333393], [87.1487152, 23.6329068], [87.148565, 23.6318453], [87.1487474, 23.6309606], [87.1491225, 23.630125], [87.1492195, 23.6299089], [87.1492517, 23.6296927], [87.1494019, 23.6292798]]]}, "id": "way/989879008"}, {"type": "Feature", "properties": {"@id": "way/989879009", "landuse": "industrial", "coal_industrial_zone": "Raniganj_Coalfield_WB", "centroid_lon": 87.15689535334023, "centroid_lat": 23.637114167623135, "area_sqkm": 0.021246882902289266}, "geometry": {"type": "Polygon", "coordinates": [[[87.1562576, 23.6373396], [87.1559358, 23.6372905], [87.1558553, 23.6369268], [87.1560645, 23.636283], [87.1559679, 23.6361602], [87.1560162, 23.6359931], [87.1565956, 23.6368285], [87.1569443, 23.6366516], [87.1573466, 23.6367892], [87.1575558, 23.6371086], [87.1584892, 23.6375509], [87.1577167, 23.6377328], [87.1575022, 23.6376394], [87.1571159, 23.6376001], [87.1566653, 23.6375313], [87.1562576, 23.6373396]]]}, "id": "way/989879009"}, {"type": "Feature", "properties": {"@id": "way/989882206", "description": "underground mine", "industrial": "mine", "landuse": "industrial", "name": "Bansra Colliery", "operator": "Eastern Coalfields Limited (ECL)", "resource": "coal", "coal_industrial_zone": "Raniganj_Coalfield_WB", "centroid_lon": 87.13821478569545, "centroid_lat": 23.62986216929979, "area_sqkm": 0.018132727912884894}, "geometry": {"type": "Polygon", "coordinates": [[[87.138488, 23.6294936], [87.1388608, 23.6297811], [87.1390861, 23.6297664], [87.1391827, 23.6299384], [87.1389681, 23.6301423], [87.1385014, 23.6305281], [87.1382225, 23.63042], [87.1380615, 23.6303807], [87.1380213, 23.63042], [87.1378738, 23.6305183], [87.1377504, 23.6304102], [87.1376324, 23.6301915], [87.1374178, 23.6300465], [87.137509, 23.6299261], [87.1375948, 23.6298032], [87.1376646, 23.6296583], [87.1376699, 23.6291717], [87.1379784, 23.6290759], [87.1380991, 23.6290906], [87.1383673, 23.6292921], [87.138488, 23.6294936]]]}, "id": "way/989882206"}, {"type": "Feature", "properties": {"@id": "way/989891664", "landuse": "industrial", "coal_industrial_zone": "Raniganj_Coalfield_WB", "centroid_lon": 87.11576446487196, "centroid_lat": 23.697712417696327, "area_sqkm": 0.2765727876110206}, "geometry": {"type": "Polygon", "coordinates": [[[87.114558, 23.6944757], [87.1171617, 23.6949674], [87.1171457, 23.69538], [87.1171886, 23.6958663], [87.1178108, 23.6961512], [87.1184337, 23.6968525], [87.1180276, 23.6991207], [87.1158347, 23.7005957], [87.1138991, 23.7005089], [87.1133576, 23.6996041], [87.1133035, 23.6991579], [87.114558, 23.6944757]]]}, "id": "way/989891664"}, {"type": "Feature", "properties": {"@id": "way/1002431141", "description": "661130", "landuse": "industrial", "last_check": "20.3.24", "plant:method": "photovoltaic", "plant:output:electricity": "yes", "plant:source": "solar", "plant:type": "solar_photovoltaic_panel", "power": "plant", "coal_industrial_zone": "Bellary_Karnataka", "centroid_lon": 77.08106643337678, "centroid_lat": 15.16414153655185, "area_sqkm": 1.0969880604353694}, "geometry": {"type": "Polygon", "coordinates": [[[77.0821298, 15.1623838], [77.0824354, 15.1621072], [77.0819578, 15.1601802], [77.0868391, 15.1581426], [77.0867627, 15.1576078], [77.0907938, 15.1562709], [77.0910039, 15.1567873], [77.0913096, 15.1580135], [77.0906505, 15.1584653], [77.091749, 15.1603831], [77.0922266, 15.1602355], [77.0929526, 15.1631767], [77.0918827, 15.1635824], [77.0911281, 15.1639143], [77.090555, 15.164071], [77.0899149, 15.1614065], [77.0906887, 15.1611668], [77.090469, 15.1608072], [77.0901633, 15.1604753], [77.0898481, 15.1600143], [77.089657, 15.1593597], [77.0894087, 15.1591292], [77.0866003, 15.1605582], [77.0843841, 15.1613973], [77.0844605, 15.1618398], [77.0847185, 15.1625682], [77.0850528, 15.1638774], [77.0831614, 15.1642277], [77.0821861, 15.1645651], [77.0823541, 15.1671585], [77.0809732, 15.1673747], [77.078846, 15.1682211], [77.0764762, 15.1696979], [77.0746288, 15.1702382], [77.0744795, 15.169914], [77.0722963, 15.1705984], [77.0701504, 15.1666723], [77.0711394, 15.166168], [77.0728561, 15.1649073], [77.0746102, 15.164385], [77.0748154, 15.164367], [77.0753752, 15.1659519], [77.079611, 15.1636466], [77.0811971, 15.1631243], [77.0821298, 15.1623838]]]}, "id": "way/1002431141"}, {"type": "Feature", "properties": {"@id": "way/1003080742", "description": "121700", "landuse": "industrial", "plant:method": "photovoltaic", "plant:output:electricity": "yes", "plant:source": "solar", "plant:type": "solar_photovoltaic_panel", "power": "plant", "coal_industrial_zone": "Raniganj_Coalfield_WB", "centroid_lon": 87.12497064652804, "centroid_lat": 23.564645112538642, "area_sqkm": 0.1995793828696217}, "geometry": {"type": "Polygon", "coordinates": [[[87.1216893, 23.5668587], [87.1212387, 23.5659933], [87.1211851, 23.5648722], [87.1249187, 23.5634758], [87.1285343, 23.5625415], [87.1291137, 23.5638298], [87.1282768, 23.5644592], [87.1271503, 23.5650001], [87.1251655, 23.5657278], [87.1216893, 23.5668587]]]}, "id": "way/1003080742"}, {"type": "Feature", "properties": {"@id": "way/1007115341", "description": "23970", "landuse": "industrial", "plant:method": "photovoltaic", "plant:output:electricity": "yes", "plant:source": "solar", "plant:type": "solar_photovoltaic_panel", "power": "plant", "coal_industrial_zone": "Talcher_Angul_OD", "centroid_lon": 85.06684717073375, "centroid_lat": 21.09087000472992, "area_sqkm": 0.037833064787602726}, "geometry": {"type": "Polygon", "coordinates": [[[85.0659505, 21.0898106], [85.0665674, 21.089708], [85.0673237, 21.0896629], [85.0676778, 21.0914698], [85.0673988, 21.0919177], [85.0671977, 21.0920078], [85.066511, 21.0920904], [85.0662535, 21.092183], [85.066165, 21.0916049], [85.0663823, 21.0915849], [85.0663957, 21.0912495], [85.0662884, 21.0912445], [85.0661328, 21.0906439], [85.0662804, 21.0906164], [85.0659505, 21.0898106]]]}, "id": "way/1007115341"}, {"type": "Feature", "properties": {"@id": "way/1007134765", "barrier": "wall", "description": "20700", "landuse": "industrial", "last_check": "20.3.24", "plant:method": "photovoltaic", "plant:output:electricity": "yes", "plant:source": "solar", "plant:type": "solar_photovoltaic_panel", "power": "plant", "coal_industrial_zone": "Bellary_Karnataka", "centroid_lon": 76.85438390215953, "centroid_lat": 15.240467202825103, "area_sqkm": 0.03223564748619531}, "geometry": {"type": "Polygon", "coordinates": [[[76.8533362, 15.2396989], [76.8545151, 15.2394245], [76.8548021, 15.240602], [76.855765, 15.2404002], [76.8559085, 15.240954], [76.8550837, 15.241095], [76.853705, 15.2413033], [76.8533362, 15.2396989]]]}, "id": "way/1007134765"}, {"type": "Feature", "properties": {"@id": "way/1010056601", "industrial": "mine", "landuse": "industrial", "source": "Esri World Imagery", "coal_industrial_zone": "Jharia_Coalfield_JH", "centroid_lon": 86.40218782771801, "centroid_lat": 23.777011350216558, "area_sqkm": 0.2646341758833783}, "geometry": {"type": "Polygon", "coordinates": [[[86.4062798, 23.7805438], [86.4060701, 23.7809402], [86.4057273, 23.781295], [86.4053196, 23.7813245], [86.4053228, 23.7814211], [86.4044291, 23.7820145], [86.4030293, 23.7818626], [86.4023571, 23.781783], [86.4021224, 23.7813195], [86.4024281, 23.7805047], [86.4020795, 23.7794345], [86.4016582, 23.7784885], [86.4012098, 23.7776167], [86.4009577, 23.7772662], [86.4007679, 23.7768204], [86.4008301, 23.77647], [86.4006797, 23.7754493], [86.4005311, 23.7744407], [86.4002181, 23.7733866], [86.3994483, 23.7733226], [86.3992363, 23.7726403], [86.3986194, 23.7724341], [86.3981849, 23.7721837], [86.3983566, 23.7719088], [86.3991451, 23.7719039], [86.3997513, 23.7709417], [86.4004379, 23.7704605], [86.4012158, 23.7713491], [86.4015055, 23.7737694], [86.4019668, 23.7746825], [86.4019185, 23.7757969], [86.4016181, 23.7762191], [86.4017951, 23.7771567], [86.4026374, 23.7781631], [86.4035815, 23.7783496], [86.4039946, 23.7789485], [86.404767, 23.7797732], [86.4056522, 23.779999], [86.4062798, 23.7805438]]]}, "id": "way/1010056601"}, {"type": "Feature", "properties": {"@id": "way/1014187129", "industrial": "brickyard", "landuse": "industrial", "source": "Esri World Imagery", "coal_industrial_zone": "Jharia_Coalfield_JH", "centroid_lon": 86.35066575668964, "centroid_lat": 23.833133334161722, "area_sqkm": 0.023661725715611256}, "geometry": {"type": "Polygon", "coordinates": [[[86.351096, 23.8323992], [86.3511845, 23.8324716], [86.3513803, 23.8325096], [86.3515158, 23.8325611], [86.3516352, 23.8326409], [86.3517237, 23.8327157], [86.3517746, 23.8327734], [86.3517612, 23.8328237], [86.3514394, 23.8330101], [86.351147, 23.8331647], [86.3509324, 23.8332579], [86.3511658, 23.833415], [86.3514286, 23.8336873], [86.351328, 23.8338247], [86.3511886, 23.8339191], [86.3509753, 23.8339486], [86.35075, 23.8339694], [86.3505971, 23.8339854], [86.3504992, 23.8339204], [86.3504845, 23.8337977], [86.3505113, 23.833702], [86.3505033, 23.8335548], [86.3503799, 23.8334714], [86.3502511, 23.8334959], [86.3500687, 23.833491], [86.3498247, 23.8333782], [86.349704, 23.8334419], [86.3496543, 23.8331757], [86.349543, 23.8329782], [86.3499078, 23.8326397], [86.3501412, 23.8325317], [86.3502914, 23.8328188], [86.3506025, 23.8326004], [86.351096, 23.8323992]]]}, "id": "way/1014187129"}, {"type": "Feature", "properties": {"@id": "way/1014187130", "industrial": "brickyard", "landuse": "industrial", "source": "Esri World Imagery", "coal_industrial_zone": "Jharia_Coalfield_JH", "centroid_lon": 86.35131078458325, "centroid_lat": 23.83161242757745, "area_sqkm": 0.009898270945869796}, "geometry": {"type": "Polygon", "coordinates": [[[86.3506293, 23.8315601], [86.3508064, 23.8314509], [86.3509673, 23.8314338], [86.3512288, 23.8312976], [86.3513629, 23.8311909], [86.3514836, 23.8310854], [86.3515815, 23.8310817], [86.3517156, 23.8311774], [86.3518766, 23.8313749], [86.3520643, 23.8316288], [86.3513589, 23.831911], [86.3511792, 23.8321048], [86.3510826, 23.8322324], [86.3508077, 23.8319257], [86.3507393, 23.8318263], [86.3506481, 23.8316681], [86.3506293, 23.8315601]]]}, "id": "way/1014187130"}, {"type": "Feature", "properties": {"@id": "way/1014187131", "industrial": "brickyard", "landuse": "industrial", "source": "Esri World Imagery", "coal_industrial_zone": "Jharia_Coalfield_JH", "centroid_lon": 86.34949462824781, "centroid_lat": 23.831883574229547, "area_sqkm": 0.017549394788248095}, "geometry": {"type": "Polygon", "coordinates": [[[86.349142, 23.8311099], [86.349248, 23.8311406], [86.3493955, 23.8311332], [86.3494572, 23.8312007], [86.3495269, 23.831354], [86.3496208, 23.8314117], [86.3498314, 23.8314902], [86.3499118, 23.8315797], [86.3498823, 23.8317932], [86.3500781, 23.8318999], [86.3501506, 23.8317478], [86.3504201, 23.8315773], [86.3504215, 23.8315258], [86.3506937, 23.8319036], [86.3502753, 23.8320312], [86.3500366, 23.8321244], [86.3497791, 23.8322618], [86.3495216, 23.8324336], [86.3492104, 23.8327844], [86.3492024, 23.8325599], [86.3490683, 23.8325722], [86.3489234, 23.832609], [86.3488711, 23.8325881], [86.3488282, 23.8324409], [86.3488765, 23.8322483], [86.349012, 23.8319784], [86.3491233, 23.8317907], [86.3490696, 23.8316987], [86.3489932, 23.8316767], [86.3488631, 23.8316779], [86.3488242, 23.8316043], [86.3488041, 23.8314522], [86.3488054, 23.8313749], [86.3489583, 23.8312473], [86.349142, 23.8311099]]]}, "id": "way/1014187131"}, {"type": "Feature", "properties": {"@id": "way/1014187132", "industrial": "brickyard", "landuse": "industrial", "source": "Esri World Imagery", "coal_industrial_zone": "Jharia_Coalfield_JH", "centroid_lon": 86.35001535339472, "centroid_lat": 23.830296027399566, "area_sqkm": 0.008571085661352547}, "geometry": {"type": "Polygon", "coordinates": [[[86.3500419, 23.8298353], [86.3502431, 23.8300389], [86.3504912, 23.830245], [86.3504416, 23.8303223], [86.3505422, 23.8304842], [86.3505784, 23.8305922], [86.3505341, 23.8307149], [86.3504671, 23.8307603], [86.3503839, 23.8307897], [86.3503182, 23.8308437], [86.3502686, 23.8308719], [86.3501707, 23.8308682], [86.3500446, 23.8307688], [86.3500097, 23.830905], [86.3499561, 23.8309161], [86.3498153, 23.8307909], [86.3500339, 23.8306744], [86.3498729, 23.8304474], [86.3496463, 23.8301555], [86.3495511, 23.8300107], [86.3494585, 23.8299285], [86.349362, 23.8299052], [86.3492332, 23.829969], [86.349193, 23.8299853], [86.3491192, 23.8298623], [86.3492855, 23.8298377], [86.3493204, 23.8297568], [86.3493875, 23.829704], [86.3495444, 23.8297396], [86.3496208, 23.8297506], [86.3496825, 23.8299126], [86.3497764, 23.8299138], [86.349932, 23.8299236], [86.3500419, 23.8298353]]]}, "id": "way/1014187132"}, {"type": "Feature", "properties": {"@id": "way/1014187133", "industrial": "brickyard", "landuse": "industrial", "source": "Esri World Imagery", "coal_industrial_zone": "Jharia_Coalfield_JH", "centroid_lon": 86.37519627979613, "centroid_lat": 23.832706377412933, "area_sqkm": 0.006321308209134634}, "geometry": {"type": "Polygon", "coordinates": [[[86.3750938, 23.8325219], [86.3752922, 23.8323968], [86.3754746, 23.8323428], [86.375649, 23.8323452], [86.3757563, 23.8324826], [86.3756704, 23.8326225], [86.3756409, 23.8327869], [86.3755631, 23.8329218], [86.3753271, 23.8329782], [86.3748631, 23.8329733], [86.3747692, 23.832966], [86.3745868, 23.8330101], [86.3745815, 23.8328261], [86.3746458, 23.832728], [86.3746887, 23.8326102], [86.3748309, 23.8325979], [86.3750938, 23.8325219]]]}, "id": "way/1014187133"}, {"type": "Feature", "properties": {"@id": "way/1014187134", "industrial": "brickyard", "landuse": "industrial", "source": "Esri World Imagery", "coal_industrial_zone": "Jharia_Coalfield_JH", "centroid_lon": 86.36637012827349, "centroid_lat": 23.829646256166345, "area_sqkm": 0.009855275892221241}, "geometry": {"type": "Polygon", "coordinates": [[[86.3663524, 23.8286379], [86.3666207, 23.8286085], [86.3667145, 23.8288759], [86.366559, 23.8289569], [86.3664785, 23.8291139], [86.3665241, 23.8292783], [86.3666555, 23.8295531], [86.3667548, 23.8298868], [86.3667172, 23.8301174], [86.3665912, 23.8301542], [86.3662773, 23.8302622], [86.3662317, 23.8304045], [86.3662076, 23.8305713], [86.3660011, 23.8306229], [86.3660359, 23.8304266], [86.3660011, 23.8303039], [86.3659152, 23.8301567], [86.366103, 23.8301346], [86.3661781, 23.8301542], [86.3662478, 23.8301567], [86.3660708, 23.829796], [86.365951, 23.829856], [86.366111, 23.8295433], [86.3661432, 23.8294059], [86.3662156, 23.8292808], [86.3661754, 23.8291213], [86.3663846, 23.8289569], [86.3663524, 23.8287459], [86.3663524, 23.8286379]]]}, "id": "way/1014187134"}, {"type": "Feature", "properties": {"@id": "way/1014187135", "industrial": "brickyard", "landuse": "industrial", "source": "Esri World Imagery", "coal_industrial_zone": "Jharia_Coalfield_JH", "centroid_lon": 86.36292203226472, "centroid_lat": 23.828364655810418, "area_sqkm": 0.010604672132556277}, "geometry": {"type": "Polygon", "coordinates": [[[86.3623878, 23.8289544], [86.3623144, 23.8288894], [86.3622218, 23.8286698], [86.3622192, 23.8285349], [86.3623425, 23.8285324], [86.3624069, 23.8284613], [86.3623989, 23.8283779], [86.362431, 23.8282748], [86.3626295, 23.8281497], [86.3628226, 23.8280172], [86.3631418, 23.8278822], [86.3634422, 23.827843], [86.363638, 23.8278921], [86.3636702, 23.8279436], [86.3634235, 23.8283999], [86.363284, 23.8285643], [86.3627529, 23.8288097], [86.3623878, 23.8289544]]]}, "id": "way/1014187135"}, {"type": "Feature", "properties": {"@id": "way/1014187136", "industrial": "brickyard", "landuse": "industrial", "source": "Esri World Imagery", "coal_industrial_zone": "Jharia_Coalfield_JH", "centroid_lon": 86.37193811736473, "centroid_lat": 23.821839666258395, "area_sqkm": 0.006761559840165479}, "geometry": {"type": "Polygon", "coordinates": [[[86.3722372, 23.8222487], [86.3719448, 23.8223051], [86.3717866, 23.8222806], [86.3716122, 23.8218978], [86.3715479, 23.8216205], [86.3715747, 23.8214635], [86.3717678, 23.8213653], [86.3719985, 23.8213801], [86.3720924, 23.8214193], [86.3722318, 23.8217138], [86.3723244, 23.8220794], [86.3723968, 23.8221837], [86.3722372, 23.8222487]]]}, "id": "way/1014187136"}, {"type": "Feature", "properties": {"@id": "way/1014187137", "industrial": "brickyard", "landuse": "industrial", "source": "Esri World Imagery", "coal_industrial_zone": "Jharia_Coalfield_JH", "centroid_lon": 86.36507925630222, "centroid_lat": 23.82193426973344, "area_sqkm": 0.011996461348511619}, "geometry": {"type": "Polygon", "coordinates": [[[86.3652474, 23.8225947], [86.3646305, 23.8226167], [86.3648772, 23.8224327], [86.3648826, 23.822391], [86.364837, 23.822256], [86.3647377, 23.8221039], [86.3646412, 23.8219322], [86.3645366, 23.8216917], [86.3644668, 23.8216672], [86.3643247, 23.8216156], [86.3643917, 23.8215445], [86.3645875, 23.8214807], [86.364786, 23.8214046], [86.3650167, 23.8213187], [86.3651857, 23.8212746], [86.3653198, 23.8213065], [86.3652876, 23.8213629], [86.3653252, 23.8214905], [86.3653734, 23.8216573], [86.3654378, 23.8218119], [86.365529, 23.821969], [86.365647, 23.8222094], [86.3658053, 23.8222634], [86.3659206, 23.8222757], [86.365985, 23.8223395], [86.3658079, 23.8224499], [86.3657302, 23.822391], [86.3656041, 23.8223444], [86.3654807, 23.8222904], [86.3654056, 23.8223002], [86.3652045, 23.8223566], [86.365132, 23.8224204], [86.3652474, 23.8225947]]]}, "id": "way/1014187137"}, {"type": "Feature", "properties": {"@id": "way/1014187138", "industrial": "brickyard", "landuse": "industrial", "source": "Esri World Imagery", "coal_industrial_zone": "Jharia_Coalfield_JH", "centroid_lon": 86.36220350350835, "centroid_lat": 23.82327621708155, "area_sqkm": 0.01000133709655982}, "geometry": {"type": "Polygon", "coordinates": [[[86.3624552, 23.8240767], [86.3623761, 23.8239834], [86.3622621, 23.8238583], [86.3621937, 23.8238288], [86.362022, 23.8238264], [86.361912, 23.8238276], [86.3617283, 23.8238313], [86.3617444, 23.8237307], [86.3617444, 23.8236031], [86.3616827, 23.8233676], [86.3616988, 23.823267], [86.3616854, 23.823132], [86.361786, 23.8230007], [86.3619241, 23.822867], [86.3629796, 23.8227382], [86.3629474, 23.8230093], [86.3628736, 23.8231345], [86.3626188, 23.823159], [86.3625732, 23.8230118], [86.3622004, 23.8230559], [86.3623211, 23.8231909], [86.3623667, 23.8233676], [86.3624015, 23.8236816], [86.3624015, 23.8238926], [86.3624552, 23.8240767]]]}, "id": "way/1014187138"}, {"type": "Feature", "properties": {"@id": "way/1014187139", "industrial": "brickyard", "landuse": "industrial", "source": "Esri World Imagery", "coal_industrial_zone": "Jharia_Coalfield_JH", "centroid_lon": 86.35582625840345, "centroid_lat": 23.824894687964715, "area_sqkm": 0.013652632549419091}, "geometry": {"type": "Polygon", "coordinates": [[[86.3563827, 23.8256617], [86.35627, 23.8257402], [86.3560662, 23.825701], [86.355873, 23.8257525], [86.35557, 23.8255022], [86.3558033, 23.8254532], [86.3556236, 23.8250581], [86.3555083, 23.8248888], [86.3554305, 23.8248962], [86.3553983, 23.8247858], [86.3554868, 23.8247637], [86.3553902, 23.8246214], [86.3551542, 23.8242043], [86.3550174, 23.8238068], [86.3551795, 23.8237416], [86.3552213, 23.8238387], [86.3554305, 23.8242901], [86.3555539, 23.8243687], [86.3558945, 23.8243368], [86.3560876, 23.8242852], [86.3562003, 23.8244717], [86.3561895, 23.8245748], [86.3561064, 23.8247195], [86.3562968, 23.8252053], [86.3564846, 23.825436], [86.3564122, 23.825566], [86.3563827, 23.8256617]]]}, "id": "way/1014187139"}, {"type": "Feature", "properties": {"@id": "way/1014187141", "industrial": "brickyard", "landuse": "industrial", "source": "Esri World Imagery", "coal_industrial_zone": "Jharia_Coalfield_JH", "centroid_lon": 86.33234357268626, "centroid_lat": 23.82802234370461, "area_sqkm": 0.014858544695232713}, "geometry": {"type": "Polygon", "coordinates": [[[86.3328597, 23.8274909], [86.3330099, 23.8275866], [86.3331306, 23.8276712], [86.3332137, 23.8277902], [86.3329978, 23.8280061], [86.3325794, 23.8284073], [86.332688, 23.8284846], [86.3328959, 23.8283926], [86.3333197, 23.8281202], [86.3333881, 23.8281742], [86.3329764, 23.82853], [86.3327309, 23.8287042], [86.3325579, 23.8286392], [86.3324372, 23.8286882], [86.332342, 23.8286085], [86.3322763, 23.828595], [86.3322213, 23.8285042], [86.3321529, 23.8283766], [86.3320054, 23.8282392], [86.3318807, 23.8281018], [86.3317318, 23.8280025], [86.3313925, 23.8281276], [86.3313872, 23.8280123], [86.3316903, 23.8278933], [86.3313335, 23.8278013], [86.331072, 23.8278614], [86.3309205, 23.8278957], [86.330891, 23.8277608], [86.3309218, 23.8275939], [86.3308883, 23.8274087], [86.3309754, 23.8273339], [86.3311699, 23.8277375], [86.3312209, 23.8277755], [86.3314274, 23.8277375], [86.3316809, 23.8277632], [86.3317841, 23.8278197], [86.3320175, 23.8278896], [86.3321221, 23.8278736], [86.3323702, 23.8276222], [86.3325901, 23.8275301], [86.3328597, 23.8274909]]]}, "id": "way/1014187141"}, {"type": "Feature", "properties": {"@id": "way/1014187142", "industrial": "brickyard", "landuse": "industrial", "source": "Esri World Imagery", "coal_industrial_zone": "Jharia_Coalfield_JH", "centroid_lon": 86.34109067961971, "centroid_lat": 23.830980911577583, "area_sqkm": 0.020558497728146902}, "geometry": {"type": "Polygon", "coordinates": [[[86.3406365, 23.8312913], [86.3399622, 23.8307725], [86.3403189, 23.8306008], [86.3403377, 23.8305075], [86.3403565, 23.8304094], [86.3403726, 23.8302892], [86.3405147, 23.8301763], [86.3408124, 23.8301101], [86.3409573, 23.8303113], [86.3412604, 23.8307087], [86.3414642, 23.8306008], [86.341652, 23.8304119], [86.3418397, 23.8306229], [86.342116, 23.8307284], [86.342065, 23.8309296], [86.3419256, 23.8311258], [86.3417324, 23.831278], [86.3417003, 23.8315331], [86.3415232, 23.831749], [86.3414106, 23.8318913], [86.3413435, 23.8320753], [86.3413113, 23.8321342], [86.3411048, 23.8322471], [86.34085, 23.832355], [86.3407266, 23.8322373], [86.3407829, 23.8320484], [86.3409653, 23.8320287], [86.3411236, 23.8321735], [86.3412362, 23.8319919], [86.3412416, 23.8318325], [86.3411799, 23.8316754], [86.341255, 23.8316018], [86.3412926, 23.8315307], [86.3414106, 23.8313982], [86.3412255, 23.8309418], [86.3410968, 23.8309786], [86.3408393, 23.8311013], [86.3406622, 23.8312681], [86.3406365, 23.8312913]]]}, "id": "way/1014187142"}, {"type": "Feature", "properties": {"@id": "way/1014187143", "industrial": "brickyard", "landuse": "industrial", "source": "Esri World Imagery", "coal_industrial_zone": "Jharia_Coalfield_JH", "centroid_lon": 86.33449894375453, "centroid_lat": 23.830236044552574, "area_sqkm": 0.01321500073272301}, "geometry": {"type": "Polygon", "coordinates": [[[86.3335758, 23.8303775], [86.3335061, 23.8302671], [86.3335544, 23.8301641], [86.3337073, 23.8300904], [86.333828, 23.8300757], [86.3340747, 23.8299997], [86.3342303, 23.8298255], [86.334359, 23.8297788], [86.3345334, 23.8297911], [86.3346568, 23.8298353], [86.3347964, 23.8298731], [86.334933, 23.8298868], [86.3350806, 23.829877], [86.3355526, 23.8298328], [86.3353354, 23.8299727], [86.3351637, 23.8300267], [86.3351369, 23.8300463], [86.3352495, 23.8302058], [86.3353059, 23.8302867], [86.3349867, 23.8305125], [86.3344637, 23.8307259], [86.3342544, 23.8306916], [86.3340345, 23.8308241], [86.3339004, 23.8307848], [86.334115, 23.8305959], [86.3341498, 23.8305296], [86.3339567, 23.8303235], [86.3336992, 23.8303751], [86.3335758, 23.8303775]]]}, "id": "way/1014187143"}, {"type": "Feature", "properties": {"@id": "way/1014187144", "industrial": "brickyard", "landuse": "industrial", "source": "Esri World Imagery", "coal_industrial_zone": "Jharia_Coalfield_JH", "centroid_lon": 86.32556495641946, "centroid_lat": 23.84416548686525, "area_sqkm": 0.013782945605984276}, "geometry": {"type": "Polygon", "coordinates": [[[86.3247406, 23.8436529], [86.3246481, 23.8435229], [86.3246709, 23.8434456], [86.3247353, 23.8433745], [86.3249016, 23.8433585], [86.3249096, 23.8435376], [86.3249713, 23.8436456], [86.3251215, 23.8436088], [86.3252127, 23.8435941], [86.3253951, 23.8436137], [86.3256606, 23.8436063], [86.3258162, 23.8436063], [86.3258806, 23.8436873], [86.3258216, 23.843783], [86.3258859, 23.8441362], [86.3260362, 23.8443227], [86.3260469, 23.8444061], [86.3262024, 23.8445508], [86.3264868, 23.8444821], [86.3266343, 23.844303], [86.3267188, 23.8444919], [86.3265713, 23.8447348], [86.3262373, 23.8448575], [86.3262078, 23.8446907], [86.3260978, 23.8444993], [86.3259047, 23.8444748], [86.3257223, 23.8445705], [86.3255185, 23.8446661], [86.3255051, 23.8447716], [86.3252503, 23.8447692], [86.3252127, 23.8446686], [86.3251188, 23.8446171], [86.3251001, 23.8444699], [86.3250867, 23.8442589], [86.3250008, 23.8437879], [86.3249204, 23.8436799], [86.3248479, 23.8436137], [86.3247406, 23.8436529]]]}, "id": "way/1014187144"}, {"type": "Feature", "properties": {"@id": "way/1014187145", "industrial": "brickyard", "landuse": "industrial", "source": "Esri World Imagery", "coal_industrial_zone": "Jharia_Coalfield_JH", "centroid_lon": 86.31436047423946, "centroid_lat": 23.842002626077768, "area_sqkm": 0.0012415496525699531}, "geometry": {"type": "Polygon", "coordinates": [[[86.3141459, 23.8418252], [86.3143525, 23.8418694], [86.3145241, 23.8419442], [86.3146073, 23.8420166], [86.3146019, 23.8421098], [86.3142881, 23.8421589], [86.314162, 23.8420068], [86.3141459, 23.8418252]]]}, "id": "way/1014187145"}, {"type": "Feature", "properties": {"@id": "way/1014187146", "industrial": "brickyard", "landuse": "industrial", "source": "Esri World Imagery", "coal_industrial_zone": "Jharia_Coalfield_JH", "centroid_lon": 86.31457983303338, "centroid_lat": 23.843203168377983, "area_sqkm": 0.01066385667209316}, "geometry": {"type": "Polygon", "coordinates": [[[86.3137731, 23.8432702], [86.3139555, 23.8429905], [86.3143444, 23.8427378], [86.3146797, 23.8427943], [86.3148808, 23.8429268], [86.3149184, 23.8430617], [86.3150981, 23.8431476], [86.3152161, 23.8432236], [86.315302, 23.8431328], [86.3153744, 23.843096], [86.3153234, 23.8432359], [86.3154817, 23.843388], [86.3157445, 23.8436088], [86.3157043, 23.8436259], [86.3153502, 23.8434738], [86.3149479, 23.8434763], [86.3147119, 23.8434812], [86.3142881, 23.8435155], [86.3140386, 23.8434714], [86.3138831, 23.8434002], [86.3137919, 23.8433536], [86.3137731, 23.8432702]]]}, "id": "way/1014187146"}, {"type": "Feature", "properties": {"@id": "way/1014187147", "industrial": "brickyard", "landuse": "industrial", "source": "Esri World Imagery", "coal_industrial_zone": "Jharia_Coalfield_JH", "centroid_lon": 86.32042869264906, "centroid_lat": 23.84286622122535, "area_sqkm": 0.013177131215099192}, "geometry": {"type": "Polygon", "coordinates": [[[86.3197812, 23.8427428], [86.3197598, 23.8425489], [86.3199261, 23.8424189], [86.3200387, 23.8423478], [86.3200816, 23.8422055], [86.3200951, 23.8420509], [86.3200656, 23.8419135], [86.3204947, 23.8417688], [86.3205349, 23.8418988], [86.3202667, 23.8420141], [86.3202104, 23.8422251], [86.3202077, 23.8424803], [86.3203981, 23.8424189], [86.3205215, 23.8425048], [86.3206637, 23.8426225], [86.3210043, 23.8430249], [86.3211223, 23.8431893], [86.3210285, 23.8432997], [86.3210285, 23.8434002], [86.3210043, 23.8434886], [86.3207602, 23.843572], [86.3205269, 23.8435941], [86.3204142, 23.8435327], [86.3203499, 23.8433929], [86.3200441, 23.8430175], [86.3198858, 23.8427894], [86.3197812, 23.8427428]]]}, "id": "way/1014187147"}, {"type": "Feature", "properties": {"@id": "way/1014187148", "industrial": "brickyard", "landuse": "industrial", "source": "Esri World Imagery", "coal_industrial_zone": "Jharia_Coalfield_JH", "centroid_lon": 86.31610446751367, "centroid_lat": 23.846567142026743, "area_sqkm": 0.009988573957433515}, "geometry": {"type": "Polygon", "coordinates": [[[86.316171, 23.8460768], [86.3160609, 23.8458877], [86.31623, 23.8458314], [86.3165224, 23.8459615], [86.3162971, 23.8460473], [86.3163882, 23.8462362], [86.3165224, 23.8464374], [86.3166806, 23.8465355], [86.3166726, 23.8466435], [86.3165143, 23.8468005], [86.3166913, 23.8471415], [86.316525, 23.8472028], [86.3162515, 23.8467588], [86.3158116, 23.8469403], [86.3158545, 23.847058], [86.3156909, 23.8471464], [86.315605, 23.8470262], [86.3156641, 23.8469158], [86.3155246, 23.8467465], [86.3153985, 23.8465134], [86.3156185, 23.8464447], [86.3158733, 23.8463], [86.3160771, 23.8461724], [86.316171, 23.8460768]]]}, "id": "way/1014187148"}, {"type": "Feature", "properties": {"@id": "way/1014187149", "industrial": "brickyard", "landuse": "industrial", "source": "Esri World Imagery", "coal_industrial_zone": "Jharia_Coalfield_JH", "centroid_lon": 86.31772978300845, "centroid_lat": 23.847879766835113, "area_sqkm": 0.0015542039602924175}, "geometry": {"type": "Polygon", "coordinates": [[[86.317952, 23.8481129], [86.317834, 23.8480467], [86.3176087, 23.8480565], [86.317555, 23.847902], [86.3175228, 23.8477891], [86.317547, 23.8477032], [86.3177696, 23.8476566], [86.3179305, 23.8479191], [86.317952, 23.8481129]]]}, "id": "way/1014187149"}, {"type": "Feature", "properties": {"@id": "way/1014187150", "industrial": "brickyard", "landuse": "industrial", "source": "Esri World Imagery", "coal_industrial_zone": "Jharia_Coalfield_JH", "centroid_lon": 86.31862967675654, "centroid_lat": 23.847106375908304, "area_sqkm": 0.008108037408074628}, "geometry": {"type": "Polygon", "coordinates": [[[86.3190302, 23.8475487], [86.3186842, 23.8477499], [86.3187325, 23.8476542], [86.318813, 23.8475462], [86.3187298, 23.8474947], [86.3185662, 23.8475413], [86.3184643, 23.8475242], [86.3182604, 23.8472862], [86.3180861, 23.8469624], [86.3182202, 23.846879], [86.3181907, 23.8468127], [86.3182685, 23.8467612], [86.318534, 23.846695], [86.3187674, 23.8466459], [86.3190114, 23.8466827], [86.319057, 23.8467416], [86.3190329, 23.8468618], [86.319041, 23.8469035], [86.3190302, 23.8469771], [86.3189819, 23.8470311], [86.3188452, 23.8469869], [86.3188934, 23.8471047], [86.3189766, 23.8472519], [86.3190061, 23.8473304], [86.3190302, 23.847426], [86.3190302, 23.8475487]]]}, "id": "way/1014187150"}, {"type": "Feature", "properties": {"@id": "way/1014187151", "industrial": "brickyard", "landuse": "industrial", "source": "Esri World Imagery", "coal_industrial_zone": "Jharia_Coalfield_JH", "centroid_lon": 86.31971790320728, "centroid_lat": 23.8486756390197, "area_sqkm": 0.0027711976749934413}, "geometry": {"type": "Polygon", "coordinates": [[[86.3197276, 23.8488244], [86.3197222, 23.8490108], [86.3194942, 23.8491187], [86.3194326, 23.8490083], [86.3195425, 23.8487753], [86.3196015, 23.8485717], [86.3196418, 23.8484515], [86.3196713, 23.8482994], [86.3197732, 23.8482932], [86.3199113, 23.8483816], [86.3199703, 23.8484588], [86.3200495, 23.8485619], [86.3197276, 23.8488244]]]}, "id": "way/1014187151"}, {"type": "Feature", "properties": {"@id": "way/1014187152", "industrial": "brickyard", "landuse": "industrial", "source": "Esri World Imagery", "coal_industrial_zone": "Jharia_Coalfield_JH", "centroid_lon": 86.32010522194446, "centroid_lat": 23.849684995659715, "area_sqkm": 0.008436719057424933}, "geometry": {"type": "Polygon", "coordinates": [[[86.3195693, 23.8498179], [86.3196713, 23.8496339], [86.3197303, 23.8494867], [86.3196391, 23.8494131], [86.319682, 23.849234], [86.3198188, 23.8491825], [86.3199905, 23.849315], [86.3202748, 23.8494695], [86.3205242, 23.849288], [86.3206382, 23.8492205], [86.3206691, 23.8492856], [86.3207214, 23.8494242], [86.3206623, 23.8495284], [86.3205135, 23.8496388], [86.320547, 23.8497848], [86.320444, 23.8497423], [86.3204008, 23.8497786], [86.320433, 23.8498964], [86.3204035, 23.8500313], [86.3203016, 23.8501221], [86.320138, 23.8501883], [86.3200119, 23.8502276], [86.3198188, 23.8501442], [86.3198644, 23.8500951], [86.3198014, 23.8499577], [86.3197142, 23.8498486], [86.3195693, 23.8498179]]]}, "id": "way/1014187152"}, {"type": "Feature", "properties": {"@id": "way/1014187153", "industrial": "brickyard", "landuse": "industrial", "source": "Esri World Imagery", "coal_industrial_zone": "Dhanbad_Bokaro_JH", "centroid_lon": 86.32354725497592, "centroid_lat": 23.85387086341376, "area_sqkm": 0.013821715049376402}, "geometry": {"type": "Polygon", "coordinates": [[[86.3226391, 23.8533332], [86.3227464, 23.8532535], [86.3227478, 23.8533087], [86.3228135, 23.8533651], [86.3229074, 23.8534117], [86.3230334, 23.853386], [86.3231434, 23.853348], [86.3232493, 23.8533271], [86.3234317, 23.8533995], [86.3235846, 23.8534853], [86.3237107, 23.8536227], [86.3240486, 23.8534731], [86.324341, 23.8536497], [86.3242096, 23.8538312], [86.3240513, 23.8543341], [86.3238582, 23.8544886], [86.3236061, 23.8545058], [86.3235283, 23.8543954], [86.3234197, 23.8542789], [86.3233566, 23.8542519], [86.3232909, 23.8542262], [86.3231085, 23.8542556], [86.3230441, 23.8540949], [86.3229342, 23.8538079], [86.3229033, 23.8537049], [86.3229033, 23.8536607], [86.3228269, 23.8535454], [86.3227867, 23.8534559], [86.3227411, 23.8534105], [86.3226874, 23.8533676], [86.3226391, 23.8533332]]]}, "id": "way/1014187153"}, {"type": "Feature", "properties": {"@id": "way/1014187154", "industrial": "brickyard", "landuse": "industrial", "source": "Esri World Imagery", "coal_industrial_zone": "Dhanbad_Bokaro_JH", "centroid_lon": 86.31968369001959, "centroid_lat": 23.853024082204207, "area_sqkm": 0.015219883093454989}, "geometry": {"type": "Polygon", "coordinates": [[[86.3189363, 23.8533185], [86.3189873, 23.8532106], [86.3192904, 23.8531272], [86.3195103, 23.8530757], [86.3194808, 23.8529579], [86.3193655, 23.8527788], [86.3193575, 23.8526635], [86.3193306, 23.8525679], [86.3192394, 23.8525581], [86.3188317, 23.8525532], [86.318821, 23.8521288], [86.3190523, 23.8523689], [86.319336, 23.8524722], [86.3196203, 23.852536], [86.3196793, 23.852428], [86.3197303, 23.8523643], [86.3199002, 23.8523352], [86.3200065, 23.852428], [86.3201353, 23.8526464], [86.3204142, 23.8525899], [86.3202748, 23.8529628], [86.3202238, 23.8531811], [86.3201568, 23.8533087], [86.3199395, 23.8534829], [86.3200816, 23.8536644], [86.3200414, 23.8537257], [86.3196498, 23.8537625], [86.3194647, 23.853868], [86.3193682, 23.853792], [86.3194326, 23.8536546], [86.3193119, 23.8534976], [86.3192716, 23.8533946], [86.3191187, 23.8533038], [86.3189363, 23.8533185]]]}, "id": "way/1014187154"}, {"type": "Feature", "properties": {"@id": "way/1014187239", "industrial": "brickyard", "landuse": "industrial", "source": "Esri World Imagery", "coal_industrial_zone": "Dhanbad_Bokaro_JH", "centroid_lon": 86.32487102658256, "centroid_lat": 23.87298763825502, "area_sqkm": 0.014079791331418177}, "geometry": {"type": "Polygon", "coordinates": [[[86.3254675, 23.8725249], [86.3255386, 23.8724673], [86.3255292, 23.872547], [86.325489, 23.8727739], [86.3254327, 23.8730093], [86.325261, 23.8734177], [86.3252167, 23.873598], [86.3251564, 23.8737194], [86.3250424, 23.8737721], [86.3249311, 23.8737795], [86.3247594, 23.8737415], [86.324628, 23.8737407], [86.3247822, 23.8734152], [86.3245247, 23.8732754], [86.3243423, 23.8729652], [86.3243021, 23.872791], [86.3243034, 23.8726598], [86.324286, 23.872574], [86.3242726, 23.8724342], [86.324223, 23.8723581], [86.3245676, 23.8721913], [86.3246253, 23.8723912], [86.3247205, 23.8724697], [86.3247755, 23.872547], [86.3248895, 23.8725764], [86.3250451, 23.8726108], [86.3251725, 23.8726181], [86.3253281, 23.8725801], [86.3254675, 23.8725249]]]}, "id": "way/1014187239"}, {"type": "Feature", "properties": {"@id": "way/1021762754", "industrial": "brickyard", "landuse": "industrial", "source": "Esri World Imagery", "coal_industrial_zone": "Dhanbad_Bokaro_JH", "centroid_lon": 86.06428292068509, "centroid_lat": 23.753090344190927, "area_sqkm": 0.008140924251697363}, "geometry": {"type": "Polygon", "coordinates": [[[86.0646442, 23.7532522], [86.0643196, 23.7533847], [86.063929, 23.7534672], [86.0639012, 23.7534731], [86.0637107, 23.7534854], [86.0635954, 23.7531662], [86.0637993, 23.7529993], [86.0638395, 23.7529379], [86.0641319, 23.7528274], [86.064502, 23.7527096], [86.0646468, 23.7528594], [86.0651001, 23.7527562], [86.0651216, 23.7529797], [86.0647246, 23.7530729], [86.0646442, 23.7532522]]]}, "id": "way/1021762754"}, {"type": "Feature", "properties": {"@id": "way/1021762755", "industrial": "brickyard", "landuse": "industrial", "source": "Esri World Imagery", "coal_industrial_zone": "Dhanbad_Bokaro_JH", "centroid_lon": 86.06515939275435, "centroid_lat": 23.75435828602911, "area_sqkm": 0.019940703752316772}, "geometry": {"type": "Polygon", "coordinates": [[[86.0647488, 23.7554567], [86.0646683, 23.7548724], [86.064502, 23.7542071], [86.06473, 23.7537112], [86.0652289, 23.7536032], [86.0656983, 23.7534093], [86.065717, 23.7535271], [86.0654515, 23.7536229], [86.0654944, 23.7539641], [86.0656902, 23.7539887], [86.0659316, 23.7538389], [86.0659504, 23.7539739], [86.0658324, 23.7545189], [86.0656312, 23.7547448], [86.0655749, 23.7548798], [86.0653147, 23.7548798], [86.0651565, 23.7548823], [86.0649928, 23.7550983], [86.065025, 23.7554248], [86.0647488, 23.7554567]]]}, "id": "way/1021762755"}, {"type": "Feature", "properties": {"@id": "way/1021773443", "industrial": "brickyard", "landuse": "industrial", "source": "Esri World Imagery", "coal_industrial_zone": "Dhanbad_Bokaro_JH", "centroid_lon": 86.17905122171611, "centroid_lat": 23.758574922355805, "area_sqkm": 0.011583511020574509}, "geometry": {"type": "Polygon", "coordinates": [[[86.1799899, 23.7586555], [86.1797726, 23.7586506], [86.1795232, 23.75868], [86.1795124, 23.7590483], [86.1789063, 23.7588421], [86.1788848, 23.7586997], [86.1786783, 23.7586751], [86.1786509, 23.7584916], [86.1784074, 23.7584861], [86.1784449, 23.7590434], [86.1783725, 23.7591146], [86.1782491, 23.7591219], [86.1780345, 23.7583584], [86.1782142, 23.758302], [86.1784476, 23.7583486], [86.1784825, 23.7584321], [86.1787936, 23.7584493], [86.1788077, 23.7583437], [86.1790591, 23.7582406], [86.1794212, 23.7582087], [86.1796278, 23.7581228], [86.179837, 23.7583413], [86.1799342, 23.7583364], [86.1799899, 23.7586555]]]}, "id": "way/1021773443"}, {"type": "Feature", "properties": {"@id": "way/1021846869", "industrial": "mine", "landuse": "industrial", "coal_industrial_zone": "Talcher_Angul_OD", "centroid_lon": 85.15245417389296, "centroid_lat": 20.941408690016324, "area_sqkm": 0.6788672932536094}, "geometry": {"type": "Polygon", "coordinates": [[[85.1429915, 20.9428836], [85.1486349, 20.9408395], [85.1528406, 20.9404187], [85.1587629, 20.936631], [85.1595783, 20.9377733], [85.1611447, 20.9397974], [85.155437, 20.9422624], [85.1549864, 20.943585], [85.1541281, 20.9436852], [85.1526904, 20.9431642], [85.15136, 20.9437454], [85.1487636, 20.9442464], [85.1428628, 20.9444267], [85.1429915, 20.9428836]]]}, "id": "way/1021846869"}, {"type": "Feature", "properties": {"@id": "way/1021846871", "industrial": "mine", "landuse": "industrial", "coal_industrial_zone": "Talcher_Angul_OD", "centroid_lon": 85.16695579736579, "centroid_lat": 20.926369130260426, "area_sqkm": 0.4930511824331625}, "geometry": {"type": "Polygon", "coordinates": [[[85.1635265, 20.9297167], [85.162797, 20.9281434], [85.1632583, 20.9261392], [85.1646852, 20.9245458], [85.1663911, 20.923243], [85.1708329, 20.9230626], [85.170865, 20.923694], [85.170747, 20.9246761], [85.1704574, 20.9254076], [85.1710904, 20.9270812], [85.1673782, 20.9291756], [85.1663268, 20.9295864], [85.1656508, 20.9296966], [85.1635265, 20.9297167]]]}, "id": "way/1021846871"}, {"type": "Feature", "properties": {"@id": "way/1050400881", "industrial": "brickyard", "landuse": "industrial", "source": "Esri World Imagery", "coal_industrial_zone": "Rourkela_OD", "centroid_lon": 84.92388809106126, "centroid_lat": 22.272838724599225, "area_sqkm": 0.02403310979471339}, "geometry": {"type": "Polygon", "coordinates": [[[84.9230625, 22.2728757], [84.9230665, 22.2727876], [84.9227446, 22.2727454], [84.9227674, 22.2726833], [84.9231148, 22.2727156], [84.9231805, 22.2726386], [84.9231523, 22.2725617], [84.9231671, 22.2724761], [84.9232315, 22.2723954], [84.9232167, 22.2722589], [84.923261, 22.2719958], [84.9234514, 22.271966], [84.9239838, 22.2719362], [84.9240147, 22.2720913], [84.9240509, 22.272414], [84.9241287, 22.2724699], [84.9243848, 22.2725183], [84.9249735, 22.2725406], [84.9250205, 22.2729377], [84.9249843, 22.2732219], [84.9242721, 22.2731971], [84.9242789, 22.2733485], [84.9244317, 22.2735545], [84.9240938, 22.2734577], [84.9239758, 22.272929], [84.9236271, 22.2729067], [84.9235442, 22.273403], [84.9234286, 22.2741155], [84.9231456, 22.2740683], [84.9231376, 22.2738908], [84.923151, 22.2735756], [84.9232019, 22.2733076], [84.9232663, 22.2731983], [84.9233548, 22.2730755], [84.9234031, 22.2728645], [84.9232998, 22.2728645], [84.9230625, 22.2728757]]]}, "id": "way/1050400881"}, {"type": "Feature", "properties": {"@id": "way/1050400882", "industrial": "brickyard", "landuse": "industrial", "source": "Esri World Imagery", "coal_industrial_zone": "Rourkela_OD", "centroid_lon": 84.94602764015812, "centroid_lat": 22.27217820600885, "area_sqkm": 0.03569215452080117}, "geometry": {"type": "Polygon", "coordinates": [[[84.9458666, 22.2713703], [84.9459364, 22.2716359], [84.9459913, 22.2718531], [84.9460892, 22.2718369], [84.9461885, 22.2715403], [84.9463011, 22.2714547], [84.946564, 22.2715242], [84.9466351, 22.2716805], [84.9468443, 22.2717016], [84.9469972, 22.2716582], [84.9469864, 22.2720429], [84.947264, 22.2720442], [84.9472801, 22.2722725], [84.9476892, 22.2724326], [84.9478555, 22.2724525], [84.9478702, 22.2725704], [84.9478233, 22.2726821], [84.9477737, 22.2727516], [84.9474719, 22.2728347], [84.9469972, 22.2728819], [84.9466901, 22.2729787], [84.9466109, 22.2732939], [84.9464326, 22.2732108], [84.9465251, 22.2728136], [84.9462783, 22.2727292], [84.9463306, 22.2723197], [84.9462019, 22.272213], [84.9460208, 22.2719337], [84.9458908, 22.2719945], [84.9455971, 22.2721236], [84.9456386, 22.2722688], [84.9453959, 22.2723482], [84.9452792, 22.2722638], [84.945235, 22.2723135], [84.9451826, 22.2725369], [84.9449573, 22.2726126], [84.944669, 22.2725369], [84.9441862, 22.272656], [84.9443686, 22.2721894], [84.9445067, 22.2719995], [84.9446918, 22.2716148], [84.944846, 22.27159], [84.9449278, 22.2713281], [84.9451022, 22.2713169], [84.9451558, 22.2716371], [84.9458666, 22.2713703]]]}, "id": "way/1050400882"}, {"type": "Feature", "properties": {"@id": "way/1050400883", "industrial": "brickyard", "landuse": "industrial", "source": "Esri World Imagery", "coal_industrial_zone": "Rourkela_OD", "centroid_lon": 84.94625056801216, "centroid_lat": 22.268609538289596, "area_sqkm": 0.008641089763855976}, "geometry": {"type": "Polygon", "coordinates": [[[84.9457164, 22.2686859], [84.9458747, 22.2686995], [84.9460973, 22.2684451], [84.9461992, 22.2682502], [84.9461818, 22.2680033], [84.946332, 22.2680318], [84.9467182, 22.2680119], [84.9467182, 22.26811], [84.946678, 22.2685084], [84.9464996, 22.2688397], [84.9463159, 22.2690346], [84.9461214, 22.2691922], [84.9458331, 22.2691513], [84.9457218, 22.2689862], [84.9457164, 22.2686859]]]}, "id": "way/1050400883"}, {"type": "Feature", "properties": {"@id": "way/1050400996", "landuse": "industrial", "source": "Esri World Imagery", "coal_industrial_zone": "Rourkela_OD", "centroid_lon": 84.98600336087769, "centroid_lat": 22.249905823992684, "area_sqkm": 0.04694384591815626}, "geometry": {"type": "Polygon", "coordinates": [[[84.9870747, 22.2491313], [84.9869916, 22.2499281], [84.9868441, 22.2509435], [84.986769, 22.251018], [84.9866885, 22.2511371], [84.9866, 22.2511992], [84.9863318, 22.2511421], [84.9860609, 22.2510055], [84.9857068, 22.2507796], [84.9855003, 22.250663], [84.9853313, 22.2506505], [84.9852589, 22.2506133], [84.9852374, 22.2502533], [84.9850926, 22.2502335], [84.985114, 22.2500547], [84.9849853, 22.2499877], [84.9848673, 22.249948], [84.9848378, 22.2497693], [84.9847761, 22.2495781], [84.9847868, 22.2489848], [84.985916, 22.2489873], [84.9867582, 22.2490469], [84.9870238, 22.2490568], [84.9870747, 22.2491313]]]}, "id": "way/1050400996"}, {"type": "Feature", "properties": {"@id": "way/1050541040", "industrial": "brickyard", "landuse": "industrial", "source": "Esri World Imagery", "coal_industrial_zone": "Raniganj_Coalfield_WB", "centroid_lon": 87.28843711789763, "centroid_lat": 23.745733523433284, "area_sqkm": 0.011626025370285634}, "geometry": {"type": "Polygon", "coordinates": [[[87.2885039, 23.7449491], [87.2889116, 23.7451848], [87.2890243, 23.7452769], [87.2894722, 23.7454843], [87.2894213, 23.7455567], [87.2893046, 23.7456009], [87.2891772, 23.7454475], [87.2889814, 23.7453751], [87.2888499, 23.7454131], [87.2887427, 23.7454745], [87.2886917, 23.745569], [87.2887856, 23.7456905], [87.2889304, 23.7459029], [87.2889733, 23.7459852], [87.2890256, 23.7461042], [87.2889009, 23.7461668], [87.2887829, 23.7460294], [87.2886233, 23.7461263], [87.2884691, 23.7461705], [87.2883497, 23.7462135], [87.2881365, 23.7462687], [87.2880962, 23.7462172], [87.2879192, 23.7462503], [87.2878414, 23.7461889], [87.2877462, 23.7460686], [87.2876658, 23.7457728], [87.2878119, 23.7457126], [87.2879943, 23.7456623], [87.2882438, 23.7455211], [87.2885402, 23.7453603], [87.2886541, 23.7452707], [87.2887453, 23.7451885], [87.2885267, 23.7450608], [87.2882625, 23.7452167], [87.2882076, 23.745094], [87.2884355, 23.7449786], [87.2885039, 23.7449491]]]}, "id": "way/1050541040"}, {"type": "Feature", "properties": {"@id": "way/1072412904", "landuse": "industrial", "coal_industrial_zone": "Korba_Industrial_CG", "centroid_lon": 82.74937813157544, "centroid_lat": 22.339641062828647, "area_sqkm": 0.12106003903480035}, "geometry": {"type": "Polygon", "coordinates": [[[82.749635, 22.3414389], [82.749407, 22.3413819], [82.7493171, 22.341331], [82.7493346, 22.3412194], [82.7487177, 22.3410283], [82.7486399, 22.3408038], [82.7484857, 22.3405992], [82.7484548, 22.3405111], [82.7472733, 22.3400868], [82.7480431, 22.3377647], [82.7483676, 22.3378801], [82.7488545, 22.3379272], [82.7492461, 22.3380562], [82.749812, 22.3383862], [82.7512899, 22.3387782], [82.750842, 22.34146], [82.7505684, 22.3414278], [82.7502358, 22.3412988], [82.7499515, 22.3412467], [82.7498898, 22.3414724], [82.749635, 22.3414389]]]}, "id": "way/1072412904"}, {"type": "Feature", "properties": {"@id": "way/1120062016", "landuse": "industrial", "name": "Rice Mill", "coal_industrial_zone": "Bellary_Karnataka", "centroid_lon": 76.93229096621106, "centroid_lat": 15.117586059444221, "area_sqkm": 0.006130144937098425}, "geometry": {"type": "Polygon", "coordinates": [[[76.9320385, 15.1171401], [76.9326339, 15.1171828], [76.9325256, 15.1180284], [76.9319696, 15.1180142], [76.9320385, 15.1171401]]]}, "id": "way/1120062016"}, {"type": "Feature", "properties": {"@id": "way/1120062037", "landuse": "industrial", "name": "Timber Depot", "coal_industrial_zone": "Bellary_Karnataka", "centroid_lon": 76.92933860822167, "centroid_lat": 15.119859460777496, "area_sqkm": 0.011272401519746216}, "geometry": {"type": "Polygon", "coordinates": [[[76.9298107, 15.1203456], [76.9287656, 15.1202348], [76.9288676, 15.1193613], [76.9299212, 15.1195007], [76.9298107, 15.1203456]]]}, "id": "way/1120062037"}, {"type": "Feature", "properties": {"@id": "way/1268861768", "industrial": "brickyard", "landuse": "industrial", "source": "Esri World imagery (retreived 04/2024)", "coal_industrial_zone": "Raniganj_Coalfield_WB", "centroid_lon": 87.0962273818716, "centroid_lat": 23.575863358080113, "area_sqkm": 0.009382518752711743}, "geometry": {"type": "Polygon", "coordinates": [[[87.0966482, 23.5761711], [87.0964363, 23.5762572], [87.0963315, 23.5762993], [87.0961305, 23.5763801], [87.0959857, 23.5761121], [87.0958077, 23.5761529], [87.0957711, 23.5761613], [87.0955807, 23.5757778], [87.0956283, 23.5757616], [87.0957255, 23.5757286], [87.0957631, 23.5756205], [87.0958436, 23.5755221], [87.0960259, 23.575473], [87.0962244, 23.5754386], [87.0963746, 23.5754779], [87.0966402, 23.5754902], [87.0966992, 23.5755861], [87.0968038, 23.5759278], [87.0967019, 23.5760114], [87.0967206, 23.5761244], [87.0966482, 23.5761711]]]}, "id": "way/1268861768"}, {"type": "Feature", "properties": {"@id": "way/1268861774", "industrial": "brickyard", "landuse": "industrial", "source": "Esri World imagery (retreived 04/2024)", "coal_industrial_zone": "Raniganj_Coalfield_WB", "centroid_lon": 87.0972478598833, "centroid_lat": 23.578910074063018, "area_sqkm": 0.009684128392789251}, "geometry": {"type": "Polygon", "coordinates": [[[87.0967086, 23.5786946], [87.0969205, 23.5786135], [87.0969231, 23.5784438], [87.0970653, 23.5783578], [87.0972168, 23.5784365], [87.0974046, 23.5783824], [87.0975709, 23.5786147], [87.09787, 23.57904], [87.0976835, 23.5791309], [87.0976098, 23.5791924], [87.097595, 23.5792809], [87.0974958, 23.5793067], [87.0973228, 23.5793964], [87.0971297, 23.5794997], [87.0969929, 23.5793817], [87.0969258, 23.5792551], [87.0968038, 23.5789859], [87.0967086, 23.5786946]]]}, "id": "way/1268861774"}, {"type": "Feature", "properties": {"@id": "way/1268861775", "industrial": "brickyard", "landuse": "industrial", "source": "Esri World imagery (retreived 04/2024)", "coal_industrial_zone": "Raniganj_Coalfield_WB", "centroid_lon": 87.09258352413077, "centroid_lat": 23.57837619965722, "area_sqkm": 0.008869176916705074}, "geometry": {"type": "Polygon", "coordinates": [[[87.0926182, 23.5787696], [87.0923607, 23.5788556], [87.0918927, 23.5783848], [87.0923486, 23.5782349], [87.0923178, 23.578053], [87.0923969, 23.5779215], [87.0924827, 23.5778698], [87.0926705, 23.5777936], [87.0930675, 23.5783148], [87.0932217, 23.5785803], [87.0928408, 23.5786958], [87.0926182, 23.5787696]]]}, "id": "way/1268861775"}, {"type": "Feature", "properties": {"@id": "way/1268861777", "industrial": "brickyard", "landuse": "industrial", "source": "Esri World imagery (retreived 04/2024)", "coal_industrial_zone": "Raniganj_Coalfield_WB", "centroid_lon": 87.0934233190052, "centroid_lat": 23.58201173957242, "area_sqkm": 0.012236433954048106}, "geometry": {"type": "Polygon", "coordinates": [[[87.0942718, 23.582028], [87.093451, 23.5823549], [87.0929159, 23.5825663], [87.0926745, 23.5821804], [87.0924841, 23.5818571], [87.0926437, 23.5817649], [87.0928743, 23.5816998], [87.0929857, 23.5817748], [87.0931225, 23.5819665], [87.0933518, 23.5819419], [87.0934027, 23.5817883], [87.0936173, 23.5816703], [87.0939794, 23.5815916], [87.0939969, 23.5814687], [87.0941149, 23.5814282], [87.0943657, 23.58198], [87.0942718, 23.582028]]]}, "id": "way/1268861777"}, {"type": "Feature", "properties": {"@id": "way/1373272005", "landuse": "industrial", "coal_industrial_zone": "Singareni_Coalfield_TS", "centroid_lon": 79.96144892101489, "centroid_lat": 18.204816277761005, "area_sqkm": 0.06873588347878123}, "geometry": {"type": "Polygon", "coordinates": [[[79.9602154, 18.2039347], [79.9607369, 18.2038889], [79.9607491, 18.2034964], [79.9610817, 18.2035219], [79.9610925, 18.20342], [79.9614982, 18.2034283], [79.9615914, 18.2034302], [79.9616075, 18.2035321], [79.9620902, 18.2035423], [79.9620705, 18.2037875], [79.962568, 18.2037622], [79.9626906, 18.2059445], [79.9603351, 18.206064], [79.9602851, 18.2051755], [79.9602154, 18.2039347]]]}, "id": "way/1373272005"}, {"type": "Feature", "properties": {"@id": "way/1393168286", "industrial": "brickyard", "landuse": "industrial", "coal_industrial_zone": "Korba_Industrial_CG", "centroid_lon": 82.62472024700674, "centroid_lat": 22.411583419843396, "area_sqkm": 0.002041541340089377}, "geometry": {"type": "Polygon", "coordinates": [[[82.6247223, 22.4118975], [82.6244329, 22.4116604], [82.6247322, 22.4113107], [82.6250018, 22.4114141], [82.6247223, 22.4118975]]]}, "id": "way/1393168286"}, {"type": "Feature", "properties": {"@id": "way/437012406", "landuse": "industrial", "name": "Balco-II Power Station", "operator": "BALCO", "plant:method": "combustion", "plant:output:electricity": "540 MW", "plant:source": "coal", "power": "plant", "ref": "https://www.gem.wiki/BALCO_Korba_power_station", "start_date": "2005", "wikidata": "Q120424181", "@relations": [{"role": "outer", "rel": 16214721, "reltags": {"landuse": "industrial", "name": "BALCO Korba Power Stations", "plant:method": "combustion", "plant:output:electricity": "yes", "plant:source": "coal", "power": "plant", "source": "https://www.gem.wiki/BALCO_Korba_power_station", "type": "multipolygon"}}], "coal_industrial_zone": "Korba_Industrial_CG", "centroid_lon": 82.74365436214407, "centroid_lat": 22.39322642711191, "area_sqkm": 0.423967162815284}, "geometry": {"type": "Polygon", "coordinates": [[[82.7410897, 22.394684], [82.7422779, 22.390917], [82.7405211, 22.3904383], [82.7411058, 22.3888313], [82.7447777, 22.3898208], [82.7461591, 22.3907855], [82.7464192, 22.39116], [82.7465426, 22.3915791], [82.7466204, 22.3923008], [82.7464648, 22.3928042], [82.7459445, 22.3936077], [82.7464407, 22.3940789], [82.7435895, 22.3982861], [82.7417806, 22.3978913], [82.7426145, 22.3953598], [82.7410803, 22.3950746], [82.7410897, 22.394684]]]}, "id": "way/437012406"}, {"type": "Feature", "properties": {"@id": "way/437012405", "landuse": "industrial", "name": "Balco - III", "operator": "BALCO", "plant:method": "combustion", "plant:output:electricity": "1200 MW", "plant:source": "coal", "power": "plant", "ref": "https://www.gem.wiki/BALCO_Korba_power_station", "start_date": "2015", "wikidata": "Q120424181", "@relations": [{"role": "outer", "rel": 16214720, "reltags": {"landuse": "industrial", "name": "Balco-III Power Station", "plant:method": "combustion", "plant:output:electricity": "yes", "plant:source": "coal", "power": "plant", "source": "https://www.gem.wiki/BALCO_Korba_power_station", "type": "multipolygon"}}, {"role": "outer", "rel": 16214721, "reltags": {"landuse": "industrial", "name": "BALCO Korba Power Stations", "plant:method": "combustion", "plant:output:electricity": "yes", "plant:source": "coal", "power": "plant", "source": "https://www.gem.wiki/BALCO_Korba_power_station", "type": "multipolygon"}}], "coal_industrial_zone": "Korba_Industrial_CG", "centroid_lon": 82.74035852558711, "centroid_lat": 22.397578601885826, "area_sqkm": 0.18924463051877402}, "geometry": {"type": "Polygon", "coordinates": [[[82.7417806, 22.3978913], [82.7416932, 22.3981633], [82.7411098, 22.4001745], [82.7407826, 22.4003617], [82.7382251, 22.399738], [82.7381513, 22.39965], [82.7396346, 22.3949134], [82.7401389, 22.3949606], [82.7403212, 22.3949035], [82.7409543, 22.3950796], [82.7410803, 22.3950746], [82.7426145, 22.3953598], [82.7417806, 22.3978913]]]}, "id": "way/437012405"}, {"type": "Feature", "properties": {"@id": "way/910940979", "landuse": "industrial", "note": "Mechanical draft cooling units for Balco-III Power Station.", "operator": "BALCO", "power": "plant", "@relations": [{"role": "outer", "rel": 16214720, "reltags": {"landuse": "industrial", "name": "Balco-III Power Station", "plant:method": "combustion", "plant:output:electricity": "yes", "plant:source": "coal", "power": "plant", "source": "https://www.gem.wiki/BALCO_Korba_power_station", "type": "multipolygon"}}, {"role": "outer", "rel": 16214721, "reltags": {"landuse": "industrial", "name": "BALCO Korba Power Stations", "plant:method": "combustion", "plant:output:electricity": "yes", "plant:source": "coal", "power": "plant", "source": "https://www.gem.wiki/BALCO_Korba_power_station", "type": "multipolygon"}}], "coal_industrial_zone": "Korba_Industrial_CG", "centroid_lon": 82.74501886025968, "centroid_lat": 22.401499969027903, "area_sqkm": 0.13931590185113427}, "geometry": {"type": "Polygon", "coordinates": [[[82.7420558, 22.4021617], [82.7430402, 22.4000648], [82.747683, 22.4006898], [82.7472401, 22.402985], [82.7420558, 22.4021617]]]}, "id": "way/910940979"}]}